0,24.7939405714285,-0.059387142857119,0
0.0999999999999943,24.7889213999999,-0.0501917142857344,2.47869865285725
0.200000000000003,24.7850516571428,-0.0386974285713997,4.95707929714285
0.299999999999997,24.7825612285713,-0.0249042857142748,7.43529135857148
0.400000000000006,24.7816799999999,-0.0088122857142956,9.9135034200001
0.5,24.7825612285713,0.0088122857142956,12.3918840642857
0.599999999999994,24.7850516571428,0.0249042857142748,14.870582717143
0.700000000000003,24.7889213999999,0.0386974285714316,17.3497258157145
0.799999999999997,24.7939405714285,0.0501917142856705,19.8294168085715
0.900000000000006,24.7998792857142,0.0593871428571511,22.3097361557143
1,24.8065076571428,0.0662837142856815,24.7907413285714
1.09999999999999,24.8135957999999,0.0708814285714539,27.27246681
1.2,24.8209138285713,0.073180285714276,29.7549240942856
1.3,24.8282318571428,0.073180285714276,32.2381016871427
1.40000000000001,24.8353199999999,0.0708814285714219,34.7219988222855
1.5,24.8426227028571,0.0730270285714276,37.2066663299997
1.59999999999999,24.8507274514285,0.0810474857142757,39.6921836485712
1.7,24.8596189199999,0.0889146857143075,42.1786286837141
1.8,24.8692817828571,0.0966286285714269,44.6660778085713
1.90000000000001,24.8797007142856,0.104189314285698,47.1546058637141
2,24.8908603885713,0.111596742857152,49.6442861571427
2.09999999999999,24.9027454799999,0.118850914285694,52.1351904642856
2.2,24.9153406628571,0.125951828571484,54.6273890279999
2.3,24.9286306114285,0.132899485714297,57.1209505585714
2.40000000000001,24.9425999999999,0.139693885714262,59.6160221002185
2.5,24.9588308329411,0.1623083294118,62.1128824832774
2.59999999999999,24.9783768282352,0.195459952941157,64.6118228362186
2.7,25.0004302305882,0.220534023529463,67.1130535119833
2.8,25.0241832847058,0.237530541176433,69.6167040879832
2.90000000000001,25.048828235294,0.246449505882321,72.1228233661009
3,25.0735573270587,0.247290917647127,74.631379372689
3.09999999999999,25.0975628047058,0.240054776470564,77.1422593585714
3.2,25.1200369129411,0.224741082352954,79.6552697990421
3.3,25.1401718964705,0.201349835294099,82.1701363938657
3.40000000000001,25.1571599999999,0.1698810352941,84.6865526127922
3.5,25.1711643785293,0.140043785294164,87.2042707060716
3.59999999999999,25.1831974870587,0.120331085294047,89.7231168564392
3.7,25.193725520294,0.105280332352979,92.242963866101
3.8,25.2032146729411,0.0948915264705761,94.7637311567335
3.90000000000001,25.2121311397058,0.0891646676470933,97.2853847694835
4,25.220941115294,0.0880997558823396,99.8079373649687
4.09999999999999,25.2301107944117,0.0916967911764744,102.331448223277
4.2,25.2401063717646,0.0999557735294338,104.856023243969
4.3,25.2513940420587,0.112876702941154,107.381814946071
4.40000000000001,25.2644399999999,0.130459579411763,109.908982080321
4.5,25.2789026849999,0.144626850000019,112.437629678572
4.59999999999999,25.2940492799999,0.151465949999974,114.967820097321
4.7,25.3097590949999,0.157098150000021,117.499603624071
4.8,25.3259114399999,0.161523449999969,120.033018477321
4.90000000000001,25.3423856249999,0.164741849999977,122.568090806571
5,25.3590609599999,0.166753350000015,125.104834692321
5.09999999999999,25.3758167549999,0.167557950000017,127.643252146071
5.2,25.3925323199999,0.167155649999984,130.183333110321
5.3,25.4090869649999,0.165546449999979,132.725055458571
5.40000000000001,25.4253599999999,0.162730350000004,135.268396058571
5.5,25.4414519999999,0.160920000000015,137.813345858571
5.59999999999999,25.4575439999999,0.160920000000015,140.359904858571
5.7,25.4736359999999,0.160919999999983,142.908073058571
5.8,25.4897279999999,0.160920000000047,145.457850458571
5.90000000000001,25.5058199999999,0.160919999999983,148.009237058571
6,25.5219119999999,0.160920000000015,150.562232858571
6.09999999999999,25.5380039999999,0.160920000000015,153.116837858571
6.2,25.5540959999999,0.160919999999983,155.673052058571
6.3,25.5701879999999,0.160919999999983,158.230875458571
6.40000000000001,25.5862799999999,0.160920000000015,160.790319199186
6.5,25.6025948123076,0.163148123076937,163.351411750878
6.59999999999999,25.6192562215384,0.166614092307661,165.914180346263
6.7,25.6361156861538,0.168594646153867,168.478637363801
6.8,25.6530246646153,0.169089784615394,171.044780327801
6.90000000000001,25.6698346153845,0.168099507692275,173.612591908417
7,25.686396996923,0.165623815384606,176.182039921648
7.09999999999999,25.7025632676922,0.161662707692322,178.75307732934
7.2,25.7181848861538,0.15621618461536,181.325642239186
7.3,25.7331133107691,0.149284246153847,183.899657904724
7.40000000000001,25.7471999999999,0.140866892307688,186.475018283801
7.5,25.7600075815384,0.128075815384633,189.051590101647
7.59999999999999,25.7714287753845,0.114211938461512,191.62925204934
7.7,25.7818101784615,0.103814030769243,194.207917477647
7.8,25.7914983876922,0.0968820923077303,196.787534397032
7.90000000000001,25.8008399999999,0.093416123076878,199.368085477647
8,25.8101816123076,0.0934161230769419,201.94958804934
8.09999999999999,25.8198698215384,0.0968820923076982,204.532094101647
8.2,25.8302512246153,0.103814030769211,207.115690283801
8.3,25.8416724184614,0.114211938461512,209.700497904724
8.40000000000001,25.8544799999999,0.128075815384633,212.286650239186
8.5,25.8685666892307,0.14086689230772,214.87425332934
8.59999999999999,25.8834951138461,0.149284246153847,217.463383921647
8.7,25.8991167323076,0.156216184615392,220.054103908416
8.8,25.9152830030768,0.16166270769229,222.646460327801
8.90000000000001,25.9318453846153,0.165623815384606,225.240485363801
9,25.9486553353845,0.168099507692308,227.836196346263
9.09999999999999,25.9655643138461,0.169089784615394,230.433595750878
9.2,25.9824237784615,0.168594646153867,233.032671199186
9.3,25.9990851876922,0.166614092307693,235.63339545857
9.40000000000001,26.0153999999999,0.163148123076905,238.23574005857
9.5,26.0314919999999,0.160920000000015,240.83969385857
9.59999999999999,26.0475839999999,0.160919999999983,243.44525685857
9.7,26.0636759999999,0.160920000000015,246.05242905857
9.8,26.0797679999999,0.160920000000015,248.66121045857
9.90000000000001,26.0958599999999,0.160919999999951,251.27160105857
10,26.1119519999999,0.160919999999983,253.88360085857
10.1,26.1280439999999,0.160920000000015,256.49720985857
10.2,26.1441359999999,0.160919999999983,259.11242805857
10.3,26.1602279999999,0.160920000000015,261.72925545857
10.4,26.1763199999999,0.160919999999983,264.34772102417
10.5,26.1929913119999,0.166713120000011,266.96789877857
10.6,26.2105637759999,0.175724639999984,269.58985952657
10.7,26.2286511839999,0.180874080000023,272.21363545217
10.8,26.2468673279999,0.182161440000002,274.83922011857
10.9,26.2648259999999,0.179586719999982,277.46656846817
11,26.2821409919999,0.173149919999997,280.09559682257
11.1,26.2984260959999,0.162851040000046,282.72618288257
11.2,26.3132951039999,0.148690080000001,285.35816572817
11.3,26.3263618079999,0.130667039999992,287.99134581857
11.4,26.3372399999999,0.108781919999984,290.625546921988
11.5,26.3467820683635,0.0954206836363732,293.260683897116
11.6,26.3559574341817,0.091753658181787,295.896709540752
11.7,26.3645554385453,0.0859800436363543,298.533555583806
11.8,26.3723654225454,0.0780998400000428,301.171132691297
11.9,26.3791767272726,0.0681130472727247,303.809330462352
12,26.3847786938181,0.0560196654545279,306.448017430206
12.1,26.3889606632726,0.0418196945454525,309.087041062206
12.2,26.3915119767272,0.0255131345454984,311.726227759806
12.3,26.3922219752726,0.00709998545450574,314.36538285857
12.4,26.3908799999999,-0.0134197527272697,317.004307361063
12.5,26.38761004987,-0.0326995012986941,319.642833673634
12.6,26.3829162015583,-0.0469384831168967,322.280837379349
12.7,26.3771579127272,-0.0575828883117032,324.918230007037
12.8,26.3706946410389,-0.0646327168831143,327.554959031297
12.9,26.3638858441557,-0.0680879688311614,330.191007872491
13,26.3570909797402,-0.0679486441558446,332.826395896751
13.1,26.3506695054544,-0.064214742857132,335.461178415972
13.2,26.3449808789609,-0.0568862649350876,338.095446687816
13.3,26.340384557922,-0.0459632103895834,340.729327915712
13.4,26.3372399999999,-0.0314455792207795,343.362970880997
13.5,26.3356193057142,-0.0162069428571314,345.996509631426
13.6,26.335155702857,-0.0046360285714364,348.630044933569
13.7,26.3355503399999,0.00394637142855458,351.263647668854
13.8,26.3365043657142,0.00954025714287355,353.897358833569
13.9,26.3377189285713,0.0121456285714245,356.531189538855
14,26.3388951771428,0.0117624857142715,359.165121010712
14.1,26.3397342599999,0.00839082857147843,361.799104589997
14.2,26.3399373257142,0.00203065714282147,364.433061732426
14.3,26.339205522857,-0.00731802857141162,367.066884008569
14.4,26.3372399999999,-0.0196552285714447,369.700436360569
14.5,26.3338070399999,-0.034329599999964,372.333581048569
14.6,26.3290867199999,-0.0472032000000625,374.966205428569
14.7,26.3234008799999,-0.0568583999999923,377.598229040569
14.8,26.3170713599999,-0.0632951999999775,380.229603608569
14.9,26.3104199999999,-0.0665135999999861,382.860313040569
15,26.3037686399999,-0.0665136000000182,385.490373428569
15.1,26.2974391199999,-0.0632952000000095,388.119833048569
15.2,26.2917532799999,-0.0568584000000243,390.748772360569
15.3,26.2870329599999,-0.0472031999999984,393.377304008568
15.4,26.2835999999999,-0.034329599999996,396.005540904769
15.5,26.2811379239999,-0.0246207600000083,398.633554658569
15.6,26.2791371519999,-0.0200077199999705,401.261393009569
15.7,26.2776298679999,-0.0150728400000339,403.889106915768
15.8,26.2766482559999,-0.00981611999997511,406.516750553568
15.9,26.2762244999999,-0.00423756000001773,409.144381317768
16,26.2763907839999,0.00166283999999806,411.772059821568
16.1,26.2771792919999,0.00788508000000832,414.399849896568
16.2,26.2786222079999,0.0144291600000131,417.027818592768
16.3,26.2807517159999,0.0212950799999802,419.656036178568
16.4,26.2835999999999,0.0284828400000059,422.284577481768
16.5,26.2872260639999,0.0362606399999948,424.913517866568
16.6,26.2915816319999,0.0435556800000079,427.542923846568
16.7,26.2965379679999,0.0495633600000112,430.172849061768
16.8,26.3019663359999,0.0542836800000365,432.803334278568
16.9,26.3077379999999,0.0577166399999563,435.434407389768
17,26.3137242239999,0.0598622399999939,438.066083414568
17.1,26.3197962719999,0.0607204800000538,440.698364498568
17.2,26.3258254079999,0.0602913600000079,443.331239913768
17.3,26.3316828959999,0.0585748799999842,445.964686058568
17.4,26.3372399999999,0.0555710399999825,448.598678258568
17.5,26.3426039999999,0.0536400000000157,451.233206858568
17.6,26.3479679999999,0.0536399999999518,453.868271858568
17.7,26.3533319999999,0.0536400000000157,456.503873258568
17.8,26.3586959999999,0.0536400000000477,459.140011058568
17.9,26.3640599999999,0.0536399999999518,461.776685258568
18,26.3694239999999,0.0536400000000157,464.413895858568
18.1,26.3747879999999,0.0536400000000157,467.051642858568
18.2,26.3801519999999,0.0536400000000157,469.689926258568
18.3,26.3855159999999,0.0536399999999836,472.328746058568
18.4,26.3908799999999,0.0536399999999836,474.968102258568
18.5,26.3962439999999,0.0536400000000157,477.607994858568
18.6,26.4016079999999,0.0536399999999836,480.248423858568
18.7,26.4069719999999,0.0536399999999836,482.889389258568
18.8,26.4123359999999,0.0536400000000157,485.530891058568
18.9,26.4176999999999,0.0536400000000157,488.172929258568
19,26.4230639999999,0.0536399999999518,490.815503858568
19.1,26.4284279999999,0.0536400000000477,493.458614858568
19.2,26.4337919999999,0.0536399999999836,496.102262258568
19.3,26.4391559999999,0.0536400000000157,498.746446058568
19.4,26.4445199999999,0.0536399999999836,501.391166258568
19.5,26.4498839999999,0.0536399999999836,504.036422858568
19.6,26.4552479999999,0.0536399999999836,506.682215858568
19.7,26.4606119999999,0.0536400000000157,509.328545258568
19.8,26.4659759999999,0.0536400000000477,511.975411058568
19.9,26.4713399999999,0.0536399999999836,514.622813258567
20,26.4767039999999,0.0536399999999836,517.270751858568
20.1,26.4820679999999,0.0536400000000477,519.919226858568
20.2,26.4874319999999,0.0536399999999836,522.568238258567
20.3,26.4927959999999,0.0536400000000157,525.217786058568
20.4,26.4981599999999,0.0536399999999836,527.867894396567
20.5,26.5040067599999,0.0584675999999966,530.518624958567
20.6,26.5106044799999,0.0659771999999847,533.170036748567
20.7,26.5176313199999,0.0702684000000283,535.822156586567
20.8,26.5247654399999,0.0713411999999991,538.474979108567
20.9,26.5316849999999,0.0691955999999613,541.128466766567
21,26.5380681599999,0.0638315999999789,543.782549828567
21.1,26.5435930799999,0.05524920000002,546.437126378567
21.2,26.5479379199999,0.0434483999999885,549.092062316568
21.3,26.5507808399999,0.0284292000000121,551.747191358567
21.4,26.5517999999999,0.0101915999999953,554.402371358568
21.5,26.5517999999999,0,557.057551358568
21.6,26.5517999999999,0,559.712731358568
21.7,26.5517999999999,0,562.367911358568
21.8,26.5517999999999,0,565.023091358568
21.9,26.5517999999999,0,567.678271358569
22,26.5517999999999,-3.19744231092045e-14,570.333451358569
22.1,26.5517999999999,3.19744231092045e-14,572.988631358569
22.2,26.5517999999999,0,575.643811358569
22.3,26.5517999999999,0,578.298991358569
22.4,26.5517999999999,0,580.95417135857
22.5,26.5517999999999,0,583.60935135857
22.6,26.5517999999999,0,586.26453135857
22.7,26.5517999999999,0,588.91971135857
22.8,26.5517999999999,0,591.57489135857
22.9,26.5517999999999,0,594.230071358571
23,26.5517999999999,-3.19744231092045e-14,596.885251358571
23.1,26.5517999999999,3.19744231092045e-14,599.540431358571
23.2,26.5517999999999,0,602.195611358571
23.3,26.5517999999999,0,604.850791358571
23.4,26.5517999999999,0,607.505934883371
23.5,26.5510704959999,-0.00729504000001314,610.160936798571
23.6,26.5489678079999,-0.0210268799999795,612.815666222571
23.7,26.5456206719999,-0.033471360000032,615.470005147371
23.8,26.5411578239999,-0.0446284799999788,618.123848438571
23.9,26.5357079999999,-0.0544982399999797,620.777103835371
24,26.5293999359999,-0.0630806400000346,623.429691950571
24.1,26.5223623679999,-0.0703756799999518,626.081546270571
24.2,26.5147240319999,-0.0763833600000191,628.732613155371
24.3,26.5066136639999,-0.0811036799999806,631.382851838571
24.4,26.4981599999999,-0.084536639999996,634.032154503771
24.5,26.4878933039999,-0.102666959999993,636.680282810571
24.6,26.4746728319999,-0.132204719999994,639.326972492571
24.7,26.4591208079999,-0.155520240000016,641.972021505771
24.8,26.4418594559999,-0.172613519999995,644.615290028571
24.9,26.4235109999999,-0.183484560000029,647.256700461771
25,26.4046976639999,-0.188133359999989,649.896237428571
25.1,26.3860416719999,-0.18655992,652.533947774571
25.2,26.3681652479999,-0.178764240000003,655.16994056777
25.3,26.3516906159999,-0.164746320000027,657.80438709857
25.4,26.3372399999999,-0.144506159999977,660.43748538797
25.5,26.3247257879999,-0.125142119999996,663.06939358457
25.6,26.3134381439999,-0.112876440000029,665.70021878957
25.7,26.3030659559999,-0.103721879999988,668.33003699297
25.8,26.2932981119999,-0.0976784399999672,670.95889307357
25.9,26.2838234999999,-0.094746120000032,673.58680079897
26,26.2743310079999,-0.0949249199999898,676.21374282557
26.1,26.2645095239999,-0.0982148399999687,678.83967069857
26.2,26.2540479359999,-0.104615880000033,681.46450485197
26.3,26.2426351319999,-0.11412803999999,684.08813460857
26.4,26.2299599999999,-0.12675132,686.71042256057
26.5,26.2157990399999,-0.141609599999995,689.33123004857
26.6,26.2003507199999,-0.15448320000003,691.95044442857
26.7,26.1839368799999,-0.164138400000024,694.56798524057
26.8,26.1668793599999,-0.170575199999945,697.18380420857
26.9,26.1494999999999,-0.173793600000017,699.79788524057
27,26.1321206399999,-0.173793600000017,702.41024442857
27.1,26.1150631199999,-0.170575200000009,705.02093004857
27.2,26.0986492799999,-0.164138399999992,707.63002256057
27.3,26.0832009599999,-0.154483199999998,710.23763460857
27.4,26.0690399999999,-0.141609599999995,712.843904147945
27.5,26.0563507874999,-0.12689212499998,715.44896678732
27.6,26.0449019999999,-0.114487875000059,718.052931482945
27.7,26.0343919124999,-0.105100875000002,720.65587701857
27.8,26.0245187999999,-0.0987311249999685,723.257852005445
27.9,26.0149809374999,-0.0953786249999915,725.85887488232
28,26.0054765999999,-0.0950433750000067,728.458933915445
28.1,25.9957040624999,-0.0977253750000137,731.057987198571
28.2,25.9853615999999,-0.103424624999981,733.655962652946
28.3,25.9741474874999,-0.112141124999972,736.25275802732
28.4,25.9617599999999,-0.12387487500002,738.84826218632
28.5,25.9483231799999,-0.134368200000008,741.44238779732
28.6,25.9341890399999,-0.141341399999995,744.035067139821
28.7,25.9193978099999,-0.147912300000012,746.626236516321
28.8,25.9039897199999,-0.154080899999997,749.215836252321
28.9,25.8880049999999,-0.159847199999948,751.80381069632
29,25.8714838799999,-0.165211199999995,754.39010821982
29.1,25.8544665899999,-0.17017290000004,756.97468121732
29.2,25.8369933599999,-0.174732299999988,759.55748610632
29.3,25.8191044199999,-0.178889399999967,762.13848332732
29.4,25.8008399999999,-0.182644200000009,764.717603947004
29.5,25.7815723936763,-0.192676063235294,767.294726634452
29.6,25.760881355294,-0.206910383823533,769.869726617504
29.7,25.7391183057352,-0.217630495588217,772.442514266084
29.8,25.7166346658822,-0.224836398529441,775.01303509221
29.9,25.6937818566175,-0.228528092647042,777.581269749981
30,25.6709112988234,-0.228705577941152,780.147234035592
30.1,25.6483744133822,-0.22536885441177,782.710978887319
30.2,25.6265226211763,-0.21851792205883,785.272590385533
30.3,25.6057073430881,-0.208152780882365,787.832189752687
30.4,25.5862799999999,-0.194273430882343,790.389883765908
30.5,25.5676002644116,-0.186797355882379,792.94571047607
30.6,25.5489339388234,-0.186663255882379,795.499681754966
30.7,25.5304916391175,-0.184422997058778,798.051830535981
30.8,25.5124839811763,-0.180076579411801,800.602210814084
30.9,25.4951215808822,-0.173624002941157,803.150897645834
31,25.4786150541175,-0.165065267647105,805.697987149378
31.1,25.4631750167646,-0.154400373529388,808.243596504451
31.2,25.4490120847057,-0.141629320588262,810.787863952378
31.3,25.4363368738234,-0.126752108823503,813.330948796069
31.4,25.4253599999999,-0.109768738235303,815.872987888519
31.5,25.4154218489999,-0.0993815100000005,818.414052878569
31.6,25.4058779519999,-0.0954389699999964,820.954194858319
31.7,25.3969616429999,-0.0891630899999924,823.493488253269
31.8,25.3889062559999,-0.0805538700000205,826.032030822319
31.9,25.3819451249999,-0.0696113100000169,828.569943657769
32,25.3763115839999,-0.0563354099999813,831.107371185319
32.1,25.3722389669999,-0.0407261700000099,833.644481164069
32.2,25.3699606079999,-0.0227835900000067,836.181464686519
32.3,25.3697098409999,-0.00250766999997154,838.718536178569
32.4,25.3717199999999,0.0201015899999995,841.255929175369
32.5,25.3761399359999,0.0441993599999968,843.793874306569
32.6,25.3827626879999,0.0662275200000089,846.332576834569
32.7,25.3912878719999,0.0852518400000192,848.872211983369
32.8,25.4014151039999,0.101272319999996,851.412924938569
32.9,25.4128439999999,0.114288960000003,853.954830847369
33,25.4252741759999,0.124301760000009,856.498014818569
33.1,25.4384052479999,0.131310719999981,859.042531922569
33.2,25.4519368319999,0.135315840000015,861.588407191369
33.3,25.4655685439999,0.136317120000015,864.135635618569
33.4,25.4789999999999,0.134314559999982,866.684261904169
33.5,25.4935257119999,0.145257120000018,869.234447802569
33.6,25.5101922559999,0.166665439999967,871.786373782569
33.7,25.5283273439999,0.181350880000018,874.340153084169
33.8,25.5472586879999,0.189313439999978,876.895831718569
33.9,25.5663139999999,0.190553119999976,879.453388468169
34,25.5848209919999,0.18506992000001,882.012734886569
34.1,25.6021073759999,0.172863839999987,884.573715298568
34.2,25.6175008639999,0.153934880000033,887.136106800168
34.3,25.6303291679999,0.128283039999989,889.699619258568
34.4,25.6399199999999,0.0959083199999816,892.263976010569
34.5,25.6472150399999,0.0729504000000034,894.829021738568
34.6,25.6536995199999,0.0648447999999746,897.394682538568
34.7,25.6595164799999,0.0581696000000563,899.960898810568
34.8,25.6648089599999,0.0529247999999925,902.527625258568
34.9,25.6697199999999,0.0491103999999751,905.094830890568
35,25.6743926399999,0.0467264000000043,907.662499018568
35.1,25.6789699199999,0.0457728000000478,910.230627258568
35.2,25.6835948799999,0.04624960000001,912.799227530568
35.3,25.6884105599999,0.0481567999999867,915.368326058568
35.4,25.6935599999999,0.051494399999978,917.937969568968
35.5,25.6993102079999,0.0575020799999813,920.508218138568
35.6,25.7056611839999,0.0635097600000166,923.079118970568
35.7,25.7123554559999,0.0669427200000002,925.650693520968
35.8,25.7191355519999,0.0678009600000281,928.222937498568
35.9,25.7257439999999,0.0660844799999723,930.795820864968
36,25.7319233279999,0.0617932799999928,933.369287834568
36.1,25.7374160639999,0.0549273600000256,935.943256874568
36.2,25.7419647359999,0.0454867199999746,938.517620704968
36.3,25.7453118719999,0.03347136,941.092246298568
36.4,25.7471999999999,0.0188812800000058,943.666934650968
36.5,25.7465670479999,-0.00632951999996578,946.241412734567
36.6,25.7429946239999,-0.0357242400000572,948.815422004567
36.7,25.7371907759999,-0.0580384800000146,951.388774720967
36.8,25.7298635519999,-0.073272239999966,953.961353948567
36.9,25.7217209999999,-0.0814255200000068,956.533113556967
37,25.7134711679999,-0.0824983199999779,959.104078220567
37.1,25.7058221039999,-0.0764906400000065,961.674343418567
37.2,25.6994818559999,-0.0634024799999971,964.244075434967
37.3,25.6951584719999,-0.0432338400000133,966.813511358567
37.4,25.6935599999999,-0.0159847199999916,969.382867358567
37.5,25.6935599999999,0,971.952223358567
37.6,25.6935599999999,0,974.521579358567
37.7,25.6935599999999,0,977.090935358567
37.8,25.6935599999999,0,979.660291358567
37.9,25.6935599999999,0,982.229647358567
38,25.6935599999999,0,984.799003358567
38.1,25.6935599999999,0,987.368359358567
38.2,25.6935599999999,0,989.937715358566
38.3,25.6935599999999,0,992.507071358566
38.4,25.6935599999999,0,995.076427358566
38.5,25.6935599999999,0,997.645783358566
38.6,25.6935599999999,0,1000.21513935857
38.7,25.6935599999999,0,1002.78449535857
38.8,25.6935599999999,0,1005.35385135857
38.9,25.6935599999999,0,1007.92320735857
39,25.6935599999999,0,1010.49256335857
39.1,25.6935599999999,0,1013.06191935857
39.2,25.6935599999999,0,1015.63127535857
39.3,25.6935599999999,0,1018.20063135857
39.4,25.6935599999999,0,1020.77006245457
39.5,25.6950619199999,0.0150192000000082,1023.33977247857
39.6,25.6991385599999,0.0407663999999813,1025.90998671857
39.7,25.7051462399999,0.0600768000000329,1028.48086609457
39.8,25.7124412799999,0.0729503999999714,1031.05250715857
39.9,25.7203799999999,0.0793872000000207,1033.62494209457
40,25.7283187199999,0.0793871999999887,1036.19813871857
40.1,25.7356137599999,0.0729504000000034,1038.77200047857
40.2,25.7416214399999,0.0600768000000009,1041.34636645457
40.3,25.7456980799999,0.0407663999999813,1043.92101135857
40.4,25.7471999999999,0.0150192000000082,1046.49573135857
40.5,25.7471999999999,0,1049.07045135857
40.6,25.7471999999999,-3.19744231092045e-14,1051.64517135857
40.7,25.7471999999999,3.19744231092045e-14,1054.21989135857
40.8,25.7471999999999,3.19744231092045e-14,1056.79461135857
40.9,25.7471999999999,-3.19744231092045e-14,1059.36933135857
41,25.7471999999999,0,1061.94405135857
41.1,25.7471999999999,0,1064.51877135857
41.2,25.7471999999999,0,1067.09349135857
41.3,25.7471999999999,0,1069.66821135857
41.4,25.7471999999999,0,1072.24293135857
41.5,25.7471999999999,0,1074.81765135857
41.6,25.7471999999999,-3.19744231092045e-14,1077.39237135857
41.7,25.7471999999999,3.19744231092045e-14,1079.96709135857
41.8,25.7471999999999,3.19744231092045e-14,1082.54181135857
41.9,25.7471999999999,-3.19744231092045e-14,1085.11653135857
42,25.7471999999999,0,1087.69125135857
42.1,25.7471999999999,0,1090.26597135857
42.2,25.7471999999999,0,1092.84069135857
42.3,25.7471999999999,0,1095.41541135857
42.4,25.7471999999999,0,1097.99009045807
42.5,25.7463819899999,-0.00818009999998992,1100.56461221357
42.6,25.7440531199999,-0.0232887000000411,1103.13883492607
42.7,25.7404011299999,-0.0365198999999911,1105.71263567057
42.8,25.7356137599999,-0.0478736999999683,1108.28591029607
42.9,25.7298787499999,-0.0573501000000042,1110.85857342557
43,25.7233838399999,-0.0649491000000034,1113.43055845607
43.1,25.7163167699999,-0.0706706999999973,1116.00181755857
43.2,25.7088652799999,-0.0745148999999862,1118.57232167807
43.3,25.7012171099999,-0.0764817000000023,1121.14206053357
43.4,25.6935599999999,-0.0765711000000131,1123.71083681927
43.5,25.6819657139999,-0.115942859999997,1126.27808829857
43.6,25.6630638719999,-0.189018420000028,1128.84313544207
43.7,25.6378789979999,-0.251848740000006,1131.40540117277
43.8,25.6074356159999,-0.304433819999996,1133.96441086607
43.9,25.5727582499999,-0.346773659999996,1136.51979234977
44,25.5348714239999,-0.378868259999975,1139.07127590407
44.1,25.4947996619999,-0.400717620000063,1141.61869426157
44.2,25.4535674879999,-0.412321740000032,1144.16198260727
44.3,25.4121994259999,-0.413680619999948,1146.70117857857
44.4,25.3717199999999,-0.404794259999971,1149.23620044512
44.5,25.3287173310966,-0.430026689032204,1151.76659792076
44.6,25.2792321816773,-0.494851494193722,1154.29173293173
44.7,25.2234680376773,-0.557641439999951,1156.81098775286
44.8,25.1616283850321,-0.618396526451565,1159.3237650076
44.9,25.0939167096773,-0.67711675354834,1161.82948766796
45,25.0205364975483,-0.733802121290306,1164.32759905457
45.1,24.9416912345805,-0.788452629677561,1166.81756283663
45.2,24.8575844067095,-0.841068278709689,1169.29886303196
45.3,24.7684194998708,-0.891649068387039,1171.77100400695
45.4,24.6743999999999,-0.940194998709615,1174.23307840413
45.5,24.5670879434973,-1.0731205650254,1176.68346357979
45.6,24.4406155697112,-1.2647237378611,1179.12044644173
45.7,24.2990416689982,-1.41573900713064,1181.54271977676
45.8,24.1464250317146,-1.52616637283527,1183.94938225076
45.9,23.9868244482172,-1.59600583497442,1186.33993840861
46,23.8242987088624,-1.62525739354825,1188.71429867426
46.1,23.6629066040066,-1.6139210485573,1191.07277935066
46.2,23.5067069240066,-1.5619967999999,1193.41610261982
46.3,23.3597584592189,-1.46948464787768,1195.74539654278
46.4,23.2261199999999,-1.33638459219005,1198.06179674846
46.5,23.1018841136841,-1.2423588631578,1200.36591069646
46.6,22.9803948463156,-1.2148926736845,1202.65800984909
46.7,22.8615882063156,-1.18806639999994,1204.93835926952
46.8,22.7454002021051,-1.16188004210518,1207.20721762173
46.9,22.6317668421051,-1.13633359999994,1209.46483717057
47,22.5206241347367,-1.11142707368413,1211.71146378173
47.1,22.4119080884209,-1.08716046315813,1213.94733692173
47.2,22.3055547115788,-1.06353376842099,1216.17268965794
47.3,22.2015000126314,-1.04054698947362,1218.38774865857
47.4,22.0996799999999,-1.01820012631573,1220.5924777511
47.5,21.9949018505659,-1.04778149433958,1222.78643489706
47.6,21.8842410686791,-1.10660781886818,1224.96919875819
47.7,21.7710361539621,-1.13204914716972,1227.14068184619
47.8,21.6586256060376,-1.12410547924525,1229.30113052272
47.9,21.5503479245282,-1.08277681509426,1231.4511249994
48,21.4495416090565,-1.00806315471693,1233.59157933781
48.1,21.3595451592451,-0.899964498113399,1235.72374144951
48.2,21.2836970747168,-0.758480845282961,1237.849193096
48.3,21.2253358550942,-0.58361219622635,1239.96984988876
48.4,21.1877999999999,-0.375358550943379,1242.08740214
48.5,21.1632450249055,-0.245549750943382,1244.20263412951
48.6,21.1413947652829,-0.218502596226483,1246.31580087781
48.7,21.1219402007546,-0.194545645282996,1248.4271265034
48.8,21.1045723109433,-0.173678898113181,1250.53680422272
48.9,21.0889820754716,-0.155902354716972,1252.64499635019
49,21.0748604739621,-0.141216015094336,1254.75183429819
49.1,21.0618984860376,-0.129619879245308,1256.85741857706
49.2,21.0497870913206,-0.121113947169821,1258.9618187951
49.3,21.0382172694338,-0.115698218867909,1261.06507365857
49.4,21.0268799999999,-0.113372694339603,1263.16716732737
49.5,21.0149933759999,-0.118866239999992,1265.26802989857
49.6,21.0022580479999,-0.127353280000023,1267.36759724257
49.7,20.9890888319999,-0.131692160000014,1269.46584671137
49.8,20.9759005439999,-0.131882879999999,1271.56279713857
49.9,20.9631079999999,-0.127925439999977,1273.65850883937
50,20.9511260159999,-0.119819840000012,1275.75308361057
50.1,20.9403694079999,-0.107566079999977,1277.84666473057
50.2,20.9312529919999,-0.0911641600000301,1279.93943695937
50.3,20.9241915839999,-0.0706140799999808,1282.03162653857
50.4,20.9195999999999,-0.0459158400000205,1284.12344767407
50.5,20.9168227101175,-0.0277728988235033,1286.21503254116
50.6,20.9148746315293,-0.0194807858823828,1288.30646008527
50.7,20.9136762508234,-0.0119838070588507,1290.39780130054
50.8,20.9131480545881,-0.00528196235290679,1292.48911922975
50.9,20.9132105294116,0.000624748235289019,1294.58046896431
51,20.9137841618822,0.00573632470586461,1296.67189764433
51.1,20.9147894385881,0.0100527670588519,1298.76344445857
51.2,20.9161468461175,0.0135740752941231,1300.85514064443
51.3,20.9177768710587,0.0163002494117741,1302.94700948798
51.4,20.9195999999999,0.0182312894117408,1305.03908434069
51.5,20.9218970541175,0.0229705411764982,1307.13142802445
51.6,20.9249766211763,0.0307956705882048,1309.22411689739
51.7,20.9288008376469,0.0382421647058812,1311.31722353127
51.8,20.9333318399999,0.0453100235294315,1313.41081671151
51.9,20.9385317647057,0.0519992470588235,1315.50496143716
52,20.9443627482351,0.0583098352940894,1317.59971892092
52.1,20.9507869270587,0.064241788235357,1319.69514658916
52.2,20.9577664376469,0.0697951058823385,1321.79129808186
52.3,20.9652634164704,0.0749697882352899,1323.88822325269
52.4,20.9732399999999,0.0797658352941148,1325.98606674228
52.5,20.9836297919116,0.103897919117639,1328.08514868482
52.6,20.9980090588234,0.143792669117666,1330.18583933434
52.7,21.0158039316175,0.17794872794116,1332.28845155798
52.8,21.0364405411763,0.206366095588252,1334.39324083596
52.9,21.0593450183822,0.22904477205881,1336.50040526158
53,21.0839434941175,0.245984757352933,1338.61008554125
53.1,21.1096620992646,0.257186051470651,1340.72236499445
53.2,21.1359269647057,0.262648654411709,1342.83726955375
53.3,21.1621642213234,0.262372566176492,1344.95476776482
53.4,21.1877999999999,0.256357786764677,1347.07484286909
53.5,21.2137020854999,0.259020854999986,1349.19758280857
53.6,21.2410967039999,0.273946185000059,1351.32313502619
53.7,21.2699476484999,0.288509444999978,1353.45164334422
53.8,21.3002187119999,0.302710634999993,1355.58324796419
53.9,21.3318736874999,0.316549755000011,1357.71808546697
54,21.3648763679999,0.330026804999968,1359.85628881269
54.1,21.3991905464999,0.343141785000086,1361.99798734082
54.2,21.4347800159999,0.355894694999982,1364.14330677009
54.3,21.4716085694999,0.368285534999977,1366.29236919857
54.4,21.5096399999999,0.380314304999975,1368.44534444256
54.5,21.549864879818,0.402248798181812,1370.6024883923
54.6,21.593014114909,0.431492350909189,1372.76407219798
54.7,21.6386619987271,0.45647883818176,1374.93032443915
54.8,21.6863828247271,0.477208260000005,1377.1014311247
54.9,21.7357508863635,0.493680616363606,1379.27753569288
55,21.7863404770908,0.505895907272688,1381.45873901125
55.1,21.8377258903635,0.513854132727413,1383.64509937675
55.2,21.8894814196362,0.517555292727238,1385.83663251565
55.3,21.9411813583635,0.516999387272704,1388.03331158357
55.4,21.9923999999999,0.512186416363591,1390.23510946488
55.5,22.0435576261362,0.511576261363625,1392.442054348
55.6,22.0953400363635,0.517824102272805,1394.65420733988
55.7,22.1477198011362,0.523797647727249,1396.87162680448
55.8,22.2006694909089,0.529496897727249,1399.09436836283
55.9,22.2541616761362,0.534921852272674,1401.322484893
56,22.3081689272726,0.540072511363622,1403.5560265301
56.1,22.3626638147726,0.544948875000124,1405.7950406663
56.2,22.4176189090908,0.549550943181763,1408.03957195078
56.3,22.4730067806817,0.553878715909086,1410.28966228982
56.4,22.5287999999999,0.55793219318177,1412.54544531471
56.5,22.5868604977701,0.580604977702681,1414.80720238587
56.6,22.6482809254053,0.614204276351476,1417.07521042886
56.7,22.7118799343917,0.635990089864833,1419.34962823439
56.8,22.7764761762161,0.645962418243232,1421.63049645832
56.9,22.8408883023647,0.644121261486418,1423.91773762165
57,22.9039349643242,0.630466619594614,1426.21115611054
57.1,22.9644348135809,0.60499849256766,1428.5104381763
57.2,23.0212065016215,0.567716880405395,1430.81515193538
57.3,23.0730686799323,0.518621783108078,1433.12474736938
57.4,23.1188399999999,0.457713200675641,1435.43868679619
57.5,23.1599485362161,0.41108536216213,1437.75661935857
57.6,23.1987027113512,0.387541751351452,1440.07831657911
57.7,23.2352416994593,0.365389881081093,1442.40356389781
57.8,23.2697046745945,0.344629751351306,1444.73216067208
57.9,23.3022308108107,0.325261362162123,1447.06392017673
58,23.332959282162,0.307284713513514,1449.39866960397
58.1,23.3620292627026,0.290699805405445,1451.73625006343
58.2,23.3895799264863,0.275506637837854,1454.07651658214
58.3,23.4157504475674,0.26170521081077,1456.41933810451
58.4,23.4406799999999,0.249295524324325,1458.76463190441
58.5,23.4651959979515,0.245159979516376,1461.11238334719
58.6,23.4898328575817,0.24636859630159,1463.46258950286
58.7,23.5142902559316,0.244573983499259,1465.81521740916
58.8,23.5382678700425,0.23977614110954,1468.17020407151
58.9,23.5614653769558,0.231975069132247,1470.52745646305
59,23.5835824537125,0.221170767567599,1472.8868515246
59.1,23.6043187773541,0.207363236415376,1475.24823616471
59.2,23.6233740249216,0.190552475675669,1477.61142725963
59.3,23.6404478734565,0.170738485348483,1479.97621165331
59.4,23.6552399999999,0.147921265433848,1482.3424024832
59.5,23.6685765978946,0.133365978947364,1484.7099040112
59.6,23.6814539621051,0.128773642105266,1487.07866805541
59.7,23.6938269221051,0.12372959999999,1489.44864191688
59.8,23.7056503073683,0.118233852631569,1491.81976837962
59.9,23.7168789473683,0.112286400000002,1494.19198571057
60,23.7274676715788,0.105887242105258,1496.56522765962
60.1,23.7373713094735,0.0990363789473996,1498.93942345962
60.2,23.7465446905262,0.0917338105262999,1501.31449782636
60.3,23.7549426442104,0.0839795368420867,1503.69037095857
60.4,23.7625199999999,0.0757735578947277,1506.06695150357
60.5,23.7690908999999,0.065709000000016,1508.44413996857
60.6,23.7746783999999,0.0558749999999684,1510.82185142357
60.7,23.7795506999999,0.0487229999999918,1513.20002775857
60.8,23.7839759999999,0.0442530000000225,1515.57863768357
60.9,23.7882224999999,0.0424649999999965,1517.95767672857
61,23.7925583999999,0.0433589999999774,1520.33716724357
61.1,23.7972518999999,0.0469350000000297,1522.71715839857
61.2,23.8025711999999,0.0531930000000251,1525.09772618357
61.3,23.8087844999999,0.0621329999999958,1527.47897340857
61.4,23.8161599999999,0.0737549999999736,1529.86102925657
61.5,23.8249569599999,0.0879695999999797,1532.24402916857
61.6,23.8350412799999,0.100843200000014,1534.62808578857
61.7,23.8460911199999,0.110498400000008,1537.01327957657
61.8,23.8577846399999,0.116935199999993,1539.39965880857
61.9,23.8697999999999,0.120153600000002,1541.78723957657
62,23.8818153599999,0.120153600000002,1544.17600578857
62.1,23.8935088799999,0.116935199999993,1546.56590916857
62.2,23.9045587199999,0.11049840000004,1548.95686925657
62.3,23.9146430399999,0.100843199999982,1551.34877340857
62.4,23.9234399999999,0.0879695999999797,1553.74148417207
62.5,23.9307752699999,0.0733527000000045,1556.13486722357
62.6,23.9368857599999,0.0611049000000143,1558.52881483607
62.7,23.9420664899999,0.0518073000000001,1560.92324878457
62.8,23.9466124799999,0.0454598999999937,1563.31812034607
62.9,23.9508187499999,0.0420626999999954,1565.71341029957
63,23.9549803199999,0.0416157000000368,1568.10912892607
63.1,23.9593922099999,0.0441188999999582,1570.50531600857
63.2,23.9643494399999,0.0495723000000154,1572.90204083207
63.3,23.9701470299999,0.0579759000000167,1575.29940218357
63.4,23.9770799999999,0.0693296999999937,1577.69751275966
63.5,23.9851315217646,0.0805152176470863,1580.09647063739
63.6,23.994026032941,0.0889451117646586,1582.49635546166
63.7,24.0036704523528,0.0964441941176695,1584.89723756922
63.8,24.0139716988234,0.103012464705895,1587.29917798872
63.9,24.0248366911763,0.108649923529398,1589.70222844069
64,24.0361723482352,0.113356570588245,1592.10643133754
64.1,24.0478855888234,0.117132405882369,1594.51181978357
64.2,24.0598833317646,0.11997742941174,1596.91841757495
64.3,24.0720724958822,0.121891641176454,1599.32623919975
64.4,24.0843599999999,0.122875041176478,1601.73530955585
64.5,24.0970471221175,0.126871221176476,1604.14568670857
64.6,24.1104959322352,0.134488101176483,1606.55744673204
64.7,24.1247045371763,0.142086049411759,1608.97066551109
64.8,24.1396710437646,0.149665065882367,1611.38541874122
64.9,24.1553935588234,0.157225150588211,1613.80178192862
65,24.1718701891763,0.164766303529451,1616.21983039016
65.1,24.1890990416469,0.172288524705895,1618.63963925339
65.2,24.2070782230587,0.179791814117607,1621.06128345656
65.3,24.2258058402352,0.187276171764715,1623.48483774857
65.4,24.2452799999999,0.19474159764706,1625.91046383251
65.5,24.2672416789089,0.21961678909095,1628.33846607093
65.6,24.2928030894544,0.255614105454512,1630.76915718502
65.7,24.3210191923635,0.282161029090918,1633.20275539206
65.8,24.3509449483635,0.299257560000007,1635.63938440539
65.9,24.3816353181817,0.306903698181814,1638.07907343442
66,24.4121452625453,0.305099443636366,1640.52175718466
66.1,24.4415297421817,0.293844796363665,1642.96727585766
66.2,24.468843717818,0.273139756363616,1645.41537515106
66.3,24.4931421501817,0.242984323636313,1647.86570625857
66.4,24.5134799999999,0.203378498181824,1650.31786074816
66.5,24.529609791818,0.161297918181852,1652.77146319266
66.6,24.5424390981817,0.12829306363631,1655.22622292016
66.7,24.552755451818,0.10316353636367,1657.68192801202
66.8,24.5613463854544,0.0859093363636134,1660.13844530289
66.9,24.568999431818,0.0765304636363312,1662.59572038066
67,24.5765021236362,0.0750269181818552,1665.05377758652
67.1,24.5846419936362,0.0813986999999941,1667.51272001493
67.2,24.5942065745453,0.0956458090909073,1669.97272951361
67.3,24.6059833990908,0.117768245454531,1672.43406668357
67.4,24.6207599999998,0.147766009090898,1674.89700628757
67.5,24.6380320799999,0.172720800000047,1677.36174104357
67.6,24.6566630399998,0.186309599999944,1679.82839879357
67.7,24.6764919599999,0.198289200000062,1682.29709128757
67.8,24.6973579199998,0.208659599999951,1684.76791418357
67.9,24.7190999999998,0.217420799999996,1687.24094704757
68,24.7415572799999,0.224572800000037,1689.71625335357
68.1,24.7645688399998,0.230115599999977,1692.19388048357
68.2,24.7879737599998,0.234049199999976,1694.67385972757
68.3,24.8116111199998,0.236373600000004,1697.15620628357
68.4,24.8353199999999,0.237088799999995,1699.64103425691
68.5,24.8612394669229,0.259194669230833,1702.12863445549
68.6,24.8907645046152,0.295250376923064,1704.61930358415
68.7,24.9226180684614,0.318535638461527,1707.11321064326
68.8,24.955523113846,0.329050453846122,1709.61039692876
68.9,24.9882025961537,0.326794823076917,1712.11077603211
69,25.0193794707691,0.311768746153909,1714.6141338403
69.1,25.0477766930768,0.283972223076908,1717.12012853588
69.2,25.0721172184614,0.243405253846138,1719.62829059691
69.3,25.0911240023075,0.190067838461534,1722.13802279703
69.4,25.1035199999998,0.123959976923064,1724.64877668441
69.5,25.1115577476922,0.0803774769230756,1727.16027823088
69.6,25.1184731815383,0.0691543384615514,1729.6724251078
69.7,25.1244643569229,0.0599117538461692,1732.18513479211
69.8,25.1297293292306,0.0526497230769287,1734.69834456626
69.9,25.134466153846,0.0473682461538303,1737.21201151826
70,25.1388728861537,0.0440673230769377,1739.72611254164
70.1,25.1431475815383,0.0427469538461551,1742.24064433549
70.2,25.1474882953845,0.0434071384615463,1744.75562340441
70.3,25.1520930830768,0.0460478769230797,1747.27108605857
70.4,25.1571599999999,0.0506691692307549,1749.78707025857
70.5,25.1625239999999,0.0536400000000157,1752.30359085857
70.6,25.1678879999998,0.0536399999999836,1754.82064785857
70.7,25.1732519999998,0.0536399999999836,1757.33824125857
70.8,25.1786159999998,0.0536400000000477,1759.85637105857
70.9,25.1839799999998,0.0536399999999518,1762.37503725857
71,25.1893439999998,0.0536400000000157,1764.89423985857
71.1,25.1947079999998,0.0536400000000157,1767.41397885857
71.2,25.2000719999998,0.0536400000000157,1769.93425425857
71.3,25.2054359999998,0.0536399999999836,1772.45506605857
71.4,25.2107999999998,0.0536399999999836,1774.97640046542
71.5,25.2158881371427,0.0508813714285843,1777.49822223
71.6,25.2205471542856,0.0465901714285409,1780.02049763571
71.7,25.2249609599998,0.0441380571428702,1782.54321135685
71.8,25.229313462857,0.0435250285714445,1785.06636645857
71.9,25.2337885714284,0.0447510857142958,1787.58998439685
72,25.2385701942856,0.0478162285714561,1790.11410501857
72.1,25.2438422399998,0.0527204571427973,1792.63878656142
72.2,25.2497886171427,0.0594637714286392,1795.164105654
72.3,25.2565932342856,0.0680461714285342,1797.69015731571
72.4,25.2644399999998,0.0784676571428662,1800.21722820709
72.5,25.2769778275323,0.125378275324699,1802.74591331415
72.6,25.2967243137661,0.197464862337674,1805.27685784948
72.7,25.3221663927271,0.254420789610389,1807.81055571904
72.8,25.3517909984414,0.296246057142809,1810.3473495222
72.9,25.3840850649349,0.322940664935064,1812.88743055176
73,25.4175355262336,0.33450461298709,1815.43083879389
73.1,25.4506293163635,0.330937901298693,1817.97746292818
73.2,25.4818533693505,0.312240529870099,1820.52704032761
73.3,25.5096946192206,0.278412498701275,1823.07915705857
73.4,25.5326399999998,0.22945380779219,1825.63342227355
73.5,25.5526642996362,0.200242996363703,1828.18968367675
73.6,25.5725637643635,0.198994647272692,1830.74791474075
73.7,25.5920575156362,0.194937512727251,1833.30806085028
73.8,25.6108646749089,0.188071592727283,1835.8700393022
73.9,25.6287043636362,0.178396887272726,1838.43373930555
74,25.6452957032726,0.165913396363642,1840.99902198148
74.1,25.6603578152726,0.15062112,1843.56572036329
74.2,25.6736098210908,0.132520058181832,1846.13363939646
74.3,25.6847708421817,0.111610210909042,1848.70255593857
74.4,25.6935599999998,0.0878915781818215,1851.27228459028
74.5,25.7010130341817,0.0745303418182103,1853.84274937784
74.6,25.7082827170907,0.0726968290908694,1856.41392669966
74.7,25.7152637192726,0.069810021818185,1858.98578242119
74.8,25.7218507112726,0.0658699200000292,1861.55827187493
74.9,25.7279383636362,0.0608765236363382,1864.13133986046
75,25.7334213469089,0.0548298327272719,1866.70492064439
75.1,25.7381943316362,0.0477298472727341,1869.27893796039
75.2,25.7421519883635,0.0395765672727251,1871.85330500919
75.3,25.7451889876362,0.0303699927272767,1874.42792445857
75.4,25.7471999999998,0.020110123636357,1877.00271818919
75.5,25.7486746123635,0.0147461236363746,1879.57765704039
75.6,25.7501024116362,0.0142779927272336,1882.15273106439
75.7,25.7513780683635,0.0127565672727492,1884.72791978046
75.8,25.7523962530907,0.0101818472727615,1887.30319217493
75.9,25.7530516363635,0.00655383272723852,1889.87850670119
76,25.7532388887271,0.0018725236364041,1892.45381127966
76.1,25.7528526807271,-0.00386208000006149,1895.02904329784
76.2,25.7517876829089,-0.0106499781818066,1897.60412961028
76.3,25.749938565818,-0.0184911709090869,1900.17898653857
76.4,25.7471999999998,-0.0273856581818066,1902.75352523537
76.5,25.7435739359998,-0.0362606399999948,1905.32766485057
76.6,25.7392183679998,-0.0435556800000398,1907.90133887057
76.7,25.7342620319998,-0.0495633599999791,1910.47449365537
76.8,25.7288336639998,-0.0542836799999726,1913.04708843857
76.9,25.7230619999998,-0.0577166399999883,1915.61909532737
77,25.7170757759998,-0.0598622400000259,1918.19049930257
77.1,25.7110037279998,-0.0607204800000218,1920.76129821857
77.2,25.7049745919998,-0.0602913599999759,1923.33150280337
77.3,25.6991171039998,-0.058574880000016,1925.90113665857
77.4,25.6935599999998,-0.0555710399999825,1928.47023733217
77.5,25.6884534719998,-0.051065279999996,1931.03884737857
77.6,25.6837474559998,-0.0470601600000259,1933.60699826657
77.7,25.6792703039998,-0.0447715199999515,1936.17470430017
77.8,25.6748503679998,-0.0441993600000288,1938.74196261857
77.9,25.6703159999998,-0.0453436800000019,1941.30875319617
78,25.6654955519998,-0.048204480000031,1943.87503884257
78.1,25.6602173759998,-0.0527817599999878,1946.44076520257
78.2,25.6543098239998,-0.0590755200000003,1949.00586075617
78.3,25.6476012479998,-0.0670857600000047,1951.57023681857
78.4,25.6399199999998,-0.0768124800000009,1954.13365344017
78.5,25.6284124319998,-0.115075679999997,1956.6956226559
78.6,25.6109718826665,-0.174405493333364,1959.25559860923
78.7,25.5885471839998,-0.224246986666668,1961.81313032683
78.8,25.5620871679998,-0.264600159999971,1964.36786171857
78.9,25.5325406666665,-0.295465013333341,1966.9195315775
79,25.5008565119998,-0.316841546666743,1969.4679735799
79.1,25.4679835359998,-0.328729759999956,1972.01311628523
79.2,25.4348705706665,-0.331129653333327,1974.55498313617
79.3,25.4024664479998,-0.324041226666637,1977.09369245857
79.4,25.3717199999998,-0.307464479999978,1979.62934730481
79.5,25.3413769247998,-0.30343075200004,1982.16190441323
79.6,25.3097652437332,-0.316116810666698,1984.6912530391
79.7,25.2772072735998,-0.325579701333307,1987.21731466934
79.8,25.2440253311998,-0.33181942399996,1989.74004302257
79.9,25.2105417333332,-0.334835978666657,1992.25942404907
80,25.1770787967998,-0.334629365333431,1994.77547593083
80.1,25.1439588383998,-0.331199583999961,1997.2882490815
80.2,25.1115041749332,-0.324546634666663,1999.79782614641
80.3,25.0800371231998,-0.314670517333315,2002.30432200257
80.4,25.0498799999998,-0.301571231999947,2004.80783334701
80.5,25.0203468887998,-0.295331112000056,2007.30838633817
80.6,24.9907129343998,-0.296339544000009,2009.80598408717
80.7,24.9612420455998,-0.294708887999987,2012.30065609601
80.8,24.9321981311998,-0.290439143999962,2014.79245825757
80.9,24.9038450999998,-0.28353031199996,2017.28147285561
81,24.8764468607998,-0.27398239200005,2019.76780856477
81.1,24.8502673223998,-0.261795383999975,2022.25160045057
81.2,24.8255703935998,-0.246969287999987,2024.73300996941
81.3,24.8026199831998,-0.229504103999996,2027.21222496857
81.4,24.7816799999998,-0.209399831999998,2029.68941819567
81.5,24.7621845419998,-0.194954580000029,2032.16469754757
81.6,24.7434024959998,-0.187820459999998,2034.63813517007
81.7,24.7253499539998,-0.180525420000016,2037.10980481817
81.8,24.7080430079998,-0.173069460000022,2039.57978185607
81.9,24.6914977499998,-0.16545257999995,2042.04814325717
82,24.6757302719998,-0.157674780000026,2044.51496760407
82.1,24.6607566659998,-0.149736060000023,2046.98033508857
82.2,24.6465930239998,-0.141636419999976,2049.44432751167
82.3,24.6332554379998,-0.133375860000012,2051.90702828357
82.4,24.6207599999998,-0.124954380000002,2054.36851357307
82.5,24.6089457899998,-0.118142099999996,2056.82884023857
82.6,24.5975875199998,-0.113582700000016,2059.28804985107
82.7,24.5866047299998,-0.109827899999974,2061.74617593557
82.8,24.5759169599998,-0.106877699999966,2064.20324397107
82.9,24.5654437499998,-0.104732100000024,2066.65927139057
83,24.5551046399998,-0.103391100000021,2069.11426758107
83.1,24.5448191699998,-0.102854699999988,2071.56823388357
83.2,24.5345068799998,-0.103122899999988,2074.02116359307
83.3,24.5240873099998,-0.104195699999991,2076.47304195857
83.4,24.5134799999998,-0.106073099999996,2078.92383746657
83.5,24.5024301599998,-0.110498400000008,2081.37350295857
83.6,24.4908796799998,-0.115504800000043,2083.82199909857
83.7,24.4790431199998,-0.118365599999976,2086.26930800657
83.8,24.4671350399998,-0.119080799999999,2088.71543325857
83.9,24.4553699999998,-0.117650400000017,2091.16039988657
84,24.4439625599998,-0.114074400000028,2093.60425437857
84.1,24.4331272799998,-0.10835279999997,2096.04706467857
84.2,24.4230787199998,-0.100485600000002,2098.48892018657
84.3,24.4140314399998,-0.090472799999965,2100.92993175857
84.4,24.4061999999998,-0.0783144000000178,2103.37021114457
84.5,24.3993877199998,-0.0681227999999905,2105.80983969857
84.6,24.3931833599998,-0.0620436000000168,2108.24887284857
84.7,24.3874796399998,-0.0570371999999821,2110.68735529457
84.8,24.3821692799998,-0.0531035999999822,2113.12532100857
84.9,24.3771449999998,-0.0502427999999853,2115.56279323457
85,24.3722995199998,-0.0484548000000232,2117.99978448857
85.1,24.3675255599998,-0.0477396000000319,2120.43629655857
85.2,24.3627158399998,-0.0480971999999795,2122.87232050457
85.3,24.3577630799998,-0.049527599999994,2125.30783665857
85.4,24.3525599999998,-0.0520307999999795,2127.74282778795
85.5,24.347262587586,-0.0529741241379185,2130.17729435512
85.6,24.3420687558619,-0.0519383172414082,2132.61124449857
85.7,24.3369341131033,-0.0513464275861999,2135.0446819176
85.8,24.331814267586,-0.0511984551723899,2137.47760587236
85.9,24.326664827586,-0.0514944000000099,2139.91001118381
86,24.3214414013791,-0.0522342620689963,2142.34188823374
86.1,24.3160995972412,-0.0534180413792846,2144.77322296477
86.2,24.3105950234481,-0.0550457379310991,2147.20399688036
86.3,24.3048832882757,-0.0571173517241199,2149.63418704477
86.4,24.2989199999998,-0.0596328827586028,2152.06372557567
86.5,24.2918506179309,-0.0706938206896481,2154.4924598765
86.6,24.2828353986205,-0.0901521931034779,2156.92019425374
86.7,24.2718521462067,-0.109832524137911,2159.34673079429
86.8,24.2588786648274,-0.129734813793107,2161.77186936546
86.9,24.2438927586205,-0.14985906206897,2164.19540761498
87,24.226872231724,-0.1702052689655,2166.61714097098
87.1,24.2077948882757,-0.190773434482762,2169.03686264202
87.2,24.1866385324136,-0.211563558620689,2171.45436361705
87.3,24.1633809682757,-0.232575641379317,2173.86943266546
87.4,24.1379999999998,-0.25380968275858,2176.28163737487
87.5,24.1060941881378,-0.319058118620791,2178.69016674546
87.6,24.064493223724,-0.416009644137913,2181.09414248698
87.7,24.0150216066205,-0.494716171034452,2183.49286875915
87.8,23.9595038366895,-0.555177699310313,2185.88583217167
87.9,23.8997644137929,-0.597394228965498,2188.27270178425
88,23.8376278377929,-0.621365760000135,2190.65332910657
88.1,23.7749186085515,-0.627092292413774,2193.02774809829
88.2,23.7134612259309,-0.614573826206864,2195.39617516908
88.3,23.6550801897929,-0.583810361379279,2197.75900917857
88.4,23.6015999999998,-0.534801897931014,2200.11666848177
88.5,23.5515860639998,-0.500139360000097,2202.46936286657
88.6,23.5023016319998,-0.492844319999957,2204.81715884657
88.7,23.4536179679998,-0.486836640000018,2207.16011006177
88.8,23.4054063359998,-0.482116319999928,2209.49825727857
88.9,23.3575379999998,-0.478683359999977,2211.83162838977
89,23.3098842239998,-0.476537760000099,2214.16023841457
89.1,23.2623162719998,-0.475679520000007,2216.48408949857
89.2,23.2147054079998,-0.476108639999924,2218.80317091377
89.3,23.1669228959998,-0.47782511999998,2221.11745905857
89.4,23.1188399999998,-0.480828959999982,2223.42690697734
89.5,23.0701183753844,-0.487216246153952,2225.73144807395
89.6,23.0207035569229,-0.49414818461537,2228.03102788318
89.7,22.9708926276921,-0.498109292307653,2230.32562164811
89.8,22.9209826707691,-0.49909956923074,2232.61523432011
89.9,22.8712707692306,-0.497119015384598,2234.89990055887
90,22.8220540061537,-0.492167630769323,2237.17968473241
90.1,22.7736294646152,-0.484245415384628,2239.45468091703
90.2,22.7262942276921,-0.473352369230704,2241.72501289734
90.3,22.6803453784614,-0.459488492307677,2243.99083416626
90.4,22.6360799999998,-0.442653784615359,2246.25224188386
90.5,22.5920743520646,-0.440056479352304,2248.5092089044
90.6,22.5472660586233,-0.448082934412963,2250.76169691978
90.7,22.5024942490687,-0.447718095546516,2253.00975153487
90.8,22.4585980527933,-0.438961962753031,2255.25350226747
90.9,22.4164165991901,-0.421814536032375,2257.49316254832
91,22.3767890176516,-0.396275815384681,2259.72902972108
91.1,22.3405544375707,-0.362345800809753,2261.96148504237
91.2,22.3085519883399,-0.320024492307655,2264.19099368176
91.3,22.281620799352,-0.269311889878519,2266.41810472172
91.4,22.2605999999998,-0.210207993522246,2268.64336640868
91.5,22.2446337391091,-0.159662608906913,2270.86721252083
91.6,22.2322885039674,-0.123452351417019,2273.09000379261
91.7,22.2235369316597,-0.0875157230768621,2275.31209822216
91.8,22.2183516592711,-0.0518527238866682,2277.53385107132
91.9,22.2167053238865,-0.0164633538461487,2279.75561486564
92,22.2185705625909,0.0186523870445683,2281.9777393944
92.1,22.2239200124695,0.0534944987854189,2284.20057171055
92.2,22.2327263106071,0.0880629813764991,2286.42445613078
92.3,22.2449620940889,0.122357834817809,2288.64973423549
92.4,22.2605999999998,0.156379059109316,2290.87677770426
92.5,22.2802693753844,0.196693753846248,2293.10600308318
92.6,22.3042382030767,0.239688276923023,2295.33781184703
92.7,22.331937073846,0.276988707692311,2297.57254852964
92.8,22.3627965784614,0.308595046153826,2299.81050072395
92.9,22.3962473076921,0.334507292307662,2302.05189908195
93,22.4317198523075,0.35472544615395,2304.29691731472
93.1,22.4686448030768,0.369249507692302,2306.54567219241
93.2,22.5064527507691,0.378079476923041,2308.79822354426
93.3,22.5445742861537,0.381215353846135,2311.05457425857
93.4,22.5824399999998,0.378657138461517,2313.31477377182
93.5,22.6215502649998,0.391102650000104,2315.57901774107
93.6,22.6633291199998,0.417788549999951,2317.84753882982
93.7,22.7070926549998,0.437635349999973,2320.12050131057
93.8,22.7521569599998,0.450643050000007,2322.39800106482
93.9,22.7978381249998,0.45681164999996,2324.68006558307
94,22.8434522399998,0.456141150000117,2326.96665396482
94.1,22.8883153949998,0.448631549999969,2329.25765691857
94.2,22.9317436799998,0.434282849999964,2331.55289676182
94.3,22.9730531849998,0.413095050000002,2333.85212742106
94.4,23.0115599999998,0.38506814999996,2336.15510904018
94.5,23.0480723822726,0.365123822727344,2338.46170306947
94.6,23.0838082036362,0.357358213636342,2340.77182837845
94.7,23.1186979759089,0.348897722727269,2343.08539688779
94.8,23.1526722109089,0.339742349999998,2345.40231356936
94.9,23.1856614204544,0.329892095454529,2347.7224764462
95,23.2175961163635,0.31934695909099,2350.04577659254
95.1,23.2484068104544,0.308106940909059,2352.37209813379
95.2,23.2780240145453,0.296172040909059,2354.70131824654
95.3,23.3063782404544,0.283542259090894,2357.03330715856
95.4,23.3333999999998,0.270217595454529,2359.36803572749
95.5,23.3611713785453,0.277713785454622,2361.70564252129
95.6,23.3909644974544,0.297931189090903,2364.04626549229
95.7,23.4214949225453,0.305304250909075,2366.3899141494
95.8,23.4514782196362,0.299832970909009,2368.73646955811
95.9,23.4796299545453,0.28151734909093,2371.08568434049
96,23.5046656930907,0.250357385454581,2373.4371826752
96.1,23.5253010010907,0.206353080000029,2375.79046029747
96.2,23.5402514443635,0.149504432727205,2378.14488449913
96.3,23.5482325887271,0.0798114436363697,2380.49969412856
96.4,23.5479599999998,-0.00272588727273514,2382.85414173676
96.5,23.5409921639998,-0.0696783600000011,2385.20770106656
96.6,23.5301944319998,-0.107977320000014,2387.56002292156
96.7,23.5162426679998,-0.139517639999983,2389.91082569176
96.8,23.4998127359998,-0.164299320000005,2392.25989535356
96.9,23.4815804999998,-0.182322359999982,2394.60708546976
97,23.4622218239998,-0.193586760000045,2396.95231718956
97.1,23.4424125719998,-0.198092520000031,2399.29557924856
97.2,23.4228286079998,-0.195839639999942,2401.63692796876
97.3,23.4041457959998,-0.186828119999969,2403.97648725856
97.4,23.3870399999998,-0.171057960000017,2406.31438665856
97.5,23.3709479999998,-0.160920000000015,2408.65067685856
97.6,23.3548559999998,-0.160920000000015,2410.98535785856
97.7,23.3387639999998,-0.160919999999983,2413.31842965856
97.8,23.3226719999998,-0.160920000000015,2415.64989225856
97.9,23.3065799999998,-0.160919999999983,2417.97974565856
98,23.2904879999998,-0.160920000000047,2420.30798985856
98.1,23.2743959999998,-0.160920000000015,2422.63462485856
98.2,23.2583039999998,-0.160919999999951,2424.95965065856
98.3,23.2422119999998,-0.160919999999983,2427.28306725856
98.4,23.2261199999998,-0.160920000000015,2429.60483327913
98.5,23.2092004114284,-0.169195885714309,2431.92484297285
98.6,23.190993462857,-0.182069485714312,2434.24299518999
98.7,23.1720508799998,-0.189425828571388,2436.55924395342
98.8,23.1529243885713,-0.19126491428576,2438.87359845856
98.9,23.1341657142856,-0.187586742857078,2441.18612307342
99,23.116326582857,-0.178391314285726,2443.49693733856
99.1,23.0999587199998,-0.163678628571447,2445.80621596713
99.2,23.0856138514284,-0.143448685714272,2448.11418884485
99.3,23.073843702857,-0.117701485714299,2450.42114102999
99.4,23.0651999999998,-0.0864370285713995,2452.72741073321
99.5,23.0601940644154,-0.0500593558441835,2455.03335413804
99.6,23.0586740322076,-0.015200322077888,2457.3392976822
99.7,23.0601968509089,0.0152281870129833,2459.64552349815
99.8,23.0643194680518,0.0412261714285585,2461.95226941311
99.9,23.0705988311687,0.0627936311688374,2464.25972894905
100,23.0785918877921,0.0799305662338198,2466.56805132272
100.1,23.0878555854544,0.0926369766233784,2468.87734144557
100.2,23.0979468716882,0.100912862337672,2471.18765992386
100.3,23.1084226940258,0.104758223376574,2473.49902305856
100.4,23.1188399999998,0.104173059740276,2475.81145434055
100.5,23.1297856398085,0.109456398086134,2478.12504804497
100.6,23.1420884486123,0.123028088038286,2480.43993588497
100.7,23.1556683513874,0.135799027751201,2482.7562415662
100.8,23.1704452731099,0.14776921722488,2485.07408078679
100.9,23.1863391387558,0.158938656459291,2487.39356123739
101,23.2032698733013,0.169307345454595,2489.71478260114
101.1,23.2211574017223,0.178875284210502,2492.03783655368
101.2,23.2399216489951,0.187642472727269,2494.36280676313
101.3,23.2594825400955,0.195608911004737,2496.68976889014
101.4,23.2797599999998,0.202774599043063,2499.01884813991
101.5,23.3018249954886,0.220649954887289,2501.35026093134
101.6,23.3264308330826,0.246058375939807,2503.68423352036
101.7,23.3530209473683,0.265901142857128,2506.02093650638
101.8,23.3810387729322,0.280178255639126,2508.36048483224
101.9,23.4099277443608,0.288889714285702,2510.70293778427
102,23.4391312962405,0.29203551879705,2513.04829899224
102.1,23.4680928631577,0.289615669172914,2515.39651642939
102.2,23.4962558796991,0.281630165413486,2517.74748241239
102.3,23.523063780451,0.268079007518829,2520.10103360142
102.4,23.5479599999998,0.248962195488686,2522.45701112384
102.5,23.5715904484032,0.236304484033678,2524.81533690629
102.6,23.5949252006721,0.233347522689034,2527.17597786326
102.7,23.6178939388234,0.229687381512619,2529.53889387745
102.8,23.6404263448738,0.225324060504178,2531.90403779973
102.9,23.6624521008402,0.220257559663839,2534.27135544921
103,23.6839008887394,0.214487878991665,2536.64078561318
103.1,23.7047023905881,0.20801501848737,2539.01226004713
103.2,23.7247862884032,0.200838978151272,2541.38570347476
103.3,23.7440822642015,0.192959757983147,2543.76103358797
103.4,23.7625199999998,0.184377357983187,2546.13816686162
103.5,23.780145472941,0.176254729411806,2548.51703049856
103.6,23.7971272658822,0.169817929411756,2550.89756581032
103.7,23.8135789694116,0.164517035294086,2553.2797254675
103.8,23.8296141741175,0.160352047058826,2555.66347349973
103.9,23.8453464705881,0.15732296470588,2558.04878529573
104,23.8608894494116,0.155429788235345,2560.43564760326
104.1,23.8763567011763,0.154672517647029,2562.82405852915
104.2,23.8918618164704,0.155051152941155,2565.21402753926
104.3,23.9075183858822,0.15656569411766,2567.60557545856
104.4,23.9234399999999,0.159216141176447,2569.99875813573
104.5,23.9402135435293,0.167735435294158,2572.3936711762
104.6,23.9580472658822,0.178337223529404,2574.79039787973
104.7,23.9764868047057,0.184395388235296,2577.18897610985
104.8,23.9950777976469,0.185909929411736,2579.58939829385
104.9,24.0133658823528,0.182880847058823,2581.99161142279
105,24.0308966964704,0.17530814117649,2584.3955170515
105.1,24.0472158776469,0.163191811764708,2586.80097129856
105.2,24.0618690635293,0.14653185882354,2589.20778484632
105.3,24.0744018917646,0.125328282352953,2591.61572294091
105.4,24.0843599999999,0.0995810823529162,2594.02448749718
105.5,24.090931125378,0.0657112537815295,2596.43372678999
105.6,24.0938547307562,0.0292360537814638,2598.84309472864
105.7,24.0935040423528,-0.00350688403359812,2601.25228254508
105.8,24.0902522863864,-0.0325175596638161,2603.66101879385
105.9,24.0844726890755,-0.0577959731092861,2606.06906935214
106,24.0765384766385,-0.0793421243697523,2608.47623741973
106.1,24.066822875294,-0.0971560134453746,2610.88236351906
106.2,24.0556991112604,-0.111237640336121,2613.28732549516
106.3,24.0435404107562,-0.121587005042024,2615.6910385157
106.4,24.0307199999999,-0.128204107563018,2618.0933917397
106.5,24.0163444799998,-0.143755200000065,2620.49418378427
106.6,23.9994964114284,-0.168480685714254,2622.89318425284
106.7,23.9805129599999,-0.189834514285682,2625.29019646541
106.8,23.9597312914284,-0.207816685714316,2627.68505745856
106.9,23.9374885714284,-0.222427199999966,2630.07763798541
107,23.9141219657141,-0.23366605714295,2632.4678425157
107.1,23.8899686399999,-0.241533257142823,2634.8556092357
107.2,23.8653657599999,-0.246028799999966,2637.24091004827
107.3,23.8406504914284,-0.247152685714283,2639.62375057284
107.4,23.8161599999999,-0.244904914285711,2642.00412902142
107.5,23.7914089714284,-0.247510285714327,2644.38198894427
107.6,23.7657894857141,-0.256194857142851,2646.75725115856
107.7,23.7394547999999,-0.263346857142827,2649.12985180713
107.8,23.7125581714284,-0.268966285714289,2651.49974235856
107.9,23.6852528571427,-0.273053142857137,2653.86688960713
108,23.6576921142856,-0.27560742857147,2656.23127567284
108.1,23.6300291999999,-0.276629142857125,2658.59289800141
108.2,23.6024173714284,-0.276118285714297,2660.95176936427
108.3,23.5750098857141,-0.274074857142793,2663.30791785856
108.4,23.5479599999999,-0.270498857142868,2665.66132759981
108.5,23.5202348249999,-0.277251750000054,2668.01189442106
108.6,23.4911015999999,-0.291332250000029,2670.35950768981
108.7,23.4611637749999,-0.299378249999923,2672.70411711856
108.8,23.4310247999999,-0.301389750000056,2675.04573276481
108.9,23.4012881249999,-0.297366749999948,2677.38442503106
109,23.3725571999999,-0.28730925000005,2679.72032466481
109.1,23.3454354749998,-0.271217250000007,2682.05362275856
109.2,23.3205263999999,-0.249090749999978,2684.38457074981
109.3,23.2984334249999,-0.22092975,2686.71348042106
109.4,23.2797599999999,-0.186734249999973,2689.04063639956
109.5,23.2633595699999,-0.164004300000023,2691.36619390606
109.6,23.2477905599999,-0.155690100000001,2693.69024412856
109.7,23.2332138899999,-0.145766700000006,2696.01289434706
109.8,23.2197904799999,-0.134234099999976,2698.33426793356
109.9,23.2076812499999,-0.121092299999972,2700.65450435206
110,23.1970471199999,-0.106341299999997,2702.97375915856
110.1,23.1880490099999,-0.0899811000000171,2705.29220400106
110.2,23.1808478399999,-0.0720116999999689,2707.61002661956
110.3,23.1756045299999,-0.0524331000000124,2709.92743084606
110.4,23.1724799999999,-0.0312452999999878,2712.24461548381
110.5,23.1712127549999,-0.012672449999986,2714.56173575356
110.6,23.1711926399999,-0.000201150000048499,2716.87889826481
110.7,23.1720575849999,0.00864945000003913,2719.19617342006
110.8,23.1734455199999,0.0138793499999572,2721.51359541481
110.9,23.1749943749999,0.0154885500000255,2723.83116223756
111,23.1763420799999,0.0134770499999881,2726.14883566981
111.1,23.1771265649999,0.00784485000003699,2728.46654128606
111.2,23.1769857599999,-0.00140805000001976,2730.78416845381
111.3,23.1755575949999,-0.0142816500000222,2733.10157033356
111.4,23.1724799999999,-0.0307759499999705,2735.41860444406
111.5,23.1682022099999,-0.0427778999999867,2737.73518797856
111.6,23.1634684799999,-0.0473373000000628,2740.05127936606
111.7,23.1583592699999,-0.0510920999999449,2742.36684508156
111.8,23.1529550399999,-0.0540422999999847,2744.68185964606
111.9,23.1473362499999,-0.0561878999999905,2746.99630562656
112,23.1415833599999,-0.0575289000000261,2749.31017363606
112.1,23.1357768299999,-0.0580653000000275,2751.62346233356
112.2,23.1299971199999,-0.0577970999999629,2753.93617842406
112.3,23.1243246899999,-0.0567243000000239,2756.24833665856
112.4,23.1188399999999,-0.0548468999999869,2758.55994280336
112.5,23.1132828959999,-0.0555710400000144,2760.87097821856
112.6,23.1074254079999,-0.0585748799999842,2763.18141930256
112.7,23.1013962719999,-0.0602913600000079,2765.49125532736
112.8,23.0953242239999,-0.0607204800000218,2767.80048843856
112.9,23.0893379999999,-0.0598622399999939,2770.10913365536
113,23.0835663359999,-0.0577166399999883,2772.41721887056
113.1,23.0781379679999,-0.0542836800000365,2774.72478485056
113.2,23.0731816319999,-0.0495633599999791,2777.03188523536
113.3,23.0688260639999,-0.0435556800000079,2779.33858653855
113.4,23.0651999999999,-0.0362606399999948,2781.64496961026
113.5,23.0624614341817,-0.0273856581818066,2783.95112329783
113.6,23.0606123170908,-0.0184911709090869,2786.25713127965
113.7,23.0595473192726,-0.0106499781818705,2788.56306670117
113.8,23.0591611112726,-0.00386207999996557,2790.86899217492
113.9,23.0593483636362,0.00187252363637213,2793.17495978045
114,23.0600037469089,0.00655383272727051,2795.48101106437
114.1,23.0610219316362,0.0101818472727295,2797.78717704037
114.2,23.0622975883635,0.0127565672727492,2800.09347818917
114.3,23.0637253876362,0.0142779927272656,2802.39992445856
114.4,23.0651999999999,0.0147461236363427,2804.70654500917
114.5,23.0672110123635,0.020110123636357,2807.01341796037
114.6,23.0702480116362,0.0303699927272767,2809.32064064437
114.7,23.0742056683635,0.0395765672727251,2811.62829986045
114.8,23.0789786530908,0.0477298472727661,2813.93647187492
114.9,23.0844616363635,0.0548298327272719,2816.24522242117
115,23.0905492887271,0.0608765236363703,2818.55460669965
115.1,23.0971362807271,0.0658699200000292,2820.86466937783
115.2,23.1041172829089,0.069810021818185,2823.17544459026
115.3,23.111386965818,0.0726968290908375,2825.48695593855
115.4,23.1188399999999,0.0745303418182103,2827.79927939645
115.5,23.127629157818,0.0878915781818215,2830.11260036328
115.6,23.1387901789089,0.111610210909106,2832.42714198146
115.7,23.1520421847271,0.1325200581818,2834.74309930554
115.8,23.1671042967271,0.15062112,2837.06063930219
115.9,23.1836956363635,0.16591339636361,2839.37990085026
116,23.2015353250908,0.17839688727279,2841.70099474074
116.1,23.2203424843635,0.188071592727218,2844.02400367674
116.2,23.2398362356362,0.194937512727283,2846.34898227354
116.3,23.2597357003635,0.198994647272692,2848.67595705856
116.4,23.2797599999999,0.200242996363638,2851.00503894817
116.5,23.3018777922076,0.221177922077992,2853.33651304245
116.6,23.3276040935063,0.257263012986979,2855.67069212531
116.7,23.3559775636362,0.283734701298695,2858.00779284661
116.8,23.3860368623375,0.300592987012948,2860.34793572219
116.9,23.4168206493505,0.307837870129867,2862.69114513388
117,23.4473675844154,0.305469350649418,2865.03734932947
117.1,23.4767163272726,0.293487428571442,2867.38638042271
117.2,23.5039055376622,0.271892103896068,2869.73797439336
117.3,23.5279738753245,0.240683376623391,2872.09177108713
117.4,23.5479599999999,0.19986124675322,2874.44738816227
117.5,23.564381502857,0.16421502857148,2876.80452656998
117.6,23.5783866514284,0.140051485714242,2879.16294390856
117.7,23.5899601199999,0.115734685714283,2881.5223962437
117.8,23.599086582857,0.0912646285714125,2883.88263810856
117.9,23.6057507142856,0.0666413142857251,2886.2434225037
118,23.6099371885713,0.0418647428571575,2888.60450089713
118.1,23.6116306799999,0.0169349142857094,2890.96562322427
118.2,23.610815862857,-0.00814817142858715,2893.32653788798
118.3,23.6074774114284,-0.0333845142857001,2895.68699175856
118.4,23.6015999999999,-0.0587741142857254,2898.04664593336
118.5,23.5914834959999,-0.101165040000009,2900.40501417856
118.6,23.5758814079999,-0.15602088,2902.76158119256
118.7,23.5554588719999,-0.204225359999999,2905.11589818736
118.8,23.5308810239999,-0.245778479999973,2907.46758288856
118.9,23.5028129999999,-0.280680239999988,2909.81631953535
119,23.4719199359998,-0.308930640000106,2912.16185888055
119.1,23.4388669679999,-0.330529679999977,2914.50401819055
119.2,23.4043192319999,-0.345477359999983,2916.84268124535
119.3,23.3689418639999,-0.353773679999963,2919.17779833856
119.4,23.3333999999999,-0.355418639999986,2921.50926851663
119.5,23.2960035615318,-0.373964384680911,2923.83681535098
119.6,23.2549331254467,-0.410704360851053,2926.16009499779
119.7,23.2106598107233,-0.442733147234044,2928.47881072514
119.8,23.1636547363403,-0.470050743829756,2930.79271291302
119.9,23.1143890212765,-0.492657150638284,2933.10159905331
120,23.0633337845105,-0.510552367659724,2935.40531374979
120.1,23.0109601450211,-0.523736394893532,2937.70374871813
120.2,22.9577392217871,-0.532209232340413,2939.99684278591
120.3,22.9041421337871,-0.535970879999951,2942.2845818926
120.4,22.8506399999999,-0.535021337872337,2944.56688441242
120.5,22.7954103965541,-0.552296034457846,2946.84350102545
120.6,22.7369218638711,-0.584885326829245,2949.11415121701
120.7,22.6760819673688,-0.608398965023276,2951.378645229
120.8,22.6137982724648,-0.622836949040006,2953.63688405985
120.9,22.5509783445769,-0.628199278879019,2955.88885946454
121,22.4885297491228,-0.624485954540891,2958.13465395457
121.1,22.4273600515203,-0.611696976024884,2960.374440798
121.2,22.3683768171872,-0.589832343331544,2962.60848401944
121.3,22.3124876115411,-0.558892056460806,2964.83713840002
121.4,22.2605999999999,-0.518876115412511,2967.06076945369
121.5,22.2120210733615,-0.485789266383957,2969.27963563714
121.6,22.1653025958005,-0.467184775609762,2971.49391172407
121.7,22.1202191427994,-0.450834530010574,2973.70374994571
121.8,22.0765452898408,-0.436738529586425,2975.90927999082
121.9,22.0340556124071,-0.424896774337154,2978.11060900574
122,21.9925246859808,-0.415309264263079,2980.30782159434
122.1,21.9517270860444,-0.407975999363692,2982.50097981804
122.2,21.9114373880805,-0.402896979639439,2984.69012319583
122.3,21.8714301675714,-0.400072205090097,2986.87526870421
122.4,21.8314799999999,-0.399501675715793,2989.05632965074
122.5,21.7897389307022,-0.41741069297668,2991.23308626534
122.6,21.7453933613376,-0.443455693645451,2993.4053444035
122.7,21.6997694018728,-0.456239594648806,2995.57304253171
122.8,21.6541931622741,-0.45576239598662,2997.73625172745
122.9,21.6099907525082,-0.442024097658831,2999.8951756792
123,21.5684882825417,-0.415024699665625,3002.05015068645
123.1,21.531011862341,-0.374764202006688,3004.20164565966
123.2,21.4988876018728,-0.321242604682241,3006.35026212031
123.3,21.4734416111035,-0.254459907692284,3008.49673420086
123.4,21.4559999999999,-0.174416111036784,3010.64176881463
123.5,21.4446922753845,-0.113077246153846,3012.78583295701
123.6,21.4365905723076,-0.081017030769246,3014.92923423278
123.7,21.4314349430768,-0.0515562923076728,3017.07225425194
123.8,21.4289654399999,-0.0246950307692231,3019.21514862971
123.9,21.4289221153845,-0.000433246153864531,3021.35814698655
124,21.4310450215383,0.0212290615384666,3023.50145294817
124.1,21.4350742107691,0.0402918923077067,3025.64524414548
124.2,21.4407497353845,0.0567552461538235,3027.78967221463
124.3,21.4478116476922,0.0706191230769448,3029.93486279701
124.4,21.4559999999999,0.0818835230769111,3032.08093944515
124.5,21.4655329626922,0.0953296269230997,3034.22805340836
124.6,21.4767463015383,0.112133388461523,3036.37636854653
124.7,21.4895564619229,0.128101603846176,3038.52604036409
124.8,21.5038798892306,0.143234273076899,3040.67721600999
124.9,21.519633028846,0.157531396153822,3042.83003427775
125,21.5367323261537,0.170992973076974,3044.98462560538
125.1,21.5550942265383,0.183619003846165,3047.14111207548
125.2,21.5746351753845,0.195409488461522,3049.29960741515
125.3,21.5952716180768,0.206364426923077,3051.46021699605
125.4,21.6169199999999,0.216483819230734,3053.62313003379
125.5,21.641340754756,0.244207547561057,3055.78869785904
125.6,21.6700157502438,0.286749954878026,3057.95732082572
125.7,21.7024435832925,0.32427833048779,3060.12934914742
125.8,21.7381228507316,0.356792674390252,3062.30508289742
125.9,21.7765521493901,0.384292986585318,3064.4847720087
126,21.8172300760974,0.406779267073275,3066.66861627389
126.1,21.8596552276828,0.424251515853677,3068.85676534532
126.2,21.9033262009755,0.436709732926808,3071.04931873501
126.3,21.9477415928047,0.444153918292639,3073.24632581465
126.4,21.9923999999999,0.4465840719512,3075.44792385031
126.5,22.039560713195,0.471607131951338,3077.65445619032
126.6,22.0910860870243,0.515253738292682,3079.86630446039
126.7,22.1458793143169,0.547932272926779,3082.0837406055
126.8,22.2028435879023,0.569642735853598,3084.30692688992
126.9,22.2608821006096,0.580385127073171,3086.53591589722
127,22.3188980452682,0.580159446585466,3088.77065053022
127.1,22.3757946147072,0.568965694390225,3091.01096401104
127.2,22.430475001756,0.546803870487739,3093.25657988109
127.3,22.4818423992438,0.513673974878006,3095.50711200105
127.4,22.5287999999999,0.469576007560964,3097.76219537054
127.5,22.5728673898234,0.440673898235396,3100.02164541467
127.6,22.6161334927057,0.432661028823504,3102.28536986474
127.7,22.6583555087646,0.422220160588207,3104.55325217209
127.8,22.6992906381175,0.409351293529411,3106.82515150804
127.9,22.7386960808822,0.394054427647021,3109.10090276394
128,22.7763290371763,0.376329562941258,3111.38031655116
128.1,22.8119467071175,0.356176699411741,3113.66317920105
128.2,22.8453062908234,0.333595837058787,3115.94925276501
128.3,22.8761649884116,0.308586975882334,3118.23827501443
128.4,22.9042799999999,0.28115011588235,3120.53004262324
128.5,22.9310721760426,0.267921760427863,3122.82448798673
128.6,22.9578350939036,0.267629178609603,3125.12158649363
128.7,22.984135044064,0.262999501604255,3127.42127016169
128.8,23.0095383170052,0.25403272941179,3129.7234276377
128.9,23.0336112032084,0.240728862032078,3132.02790419751
129,23.0559199931549,0.223087899465281,3134.33450174604
129.1,23.0760309773261,0.201109841711204,3136.64297881721
129.2,23.0935104462031,0.174794688770074,3138.95305057404
129.3,23.1079246902672,0.144142440641698,3141.26438880855
129.4,23.1188399999999,0.109153097326171,3143.57667806485
129.5,23.1269451259089,0.081051259090927,3145.8896984506
129.6,23.1334625890908,0.0651746318181844,3148.20330954685
129.7,23.1387593359089,0.0529674681818122,3150.51740762928
129.8,23.1432023127271,0.0444297681818107,3152.83192566821
129.9,23.1471584659089,0.0395615318181797,3155.1468333286
130,23.150994741818,0.0383627590908872,3157.46213697003
130.1,23.155078086818,0.0408334500000293,3159.77787964673
130.2,23.1597754472726,0.0469736045454461,3162.09414110757
130.3,23.1654537695453,0.0567832227272653,3164.41103779605
130.4,23.1724799999999,0.0702623045454552,3166.72868189393
130.5,23.1804019574999,0.0792195749999962,3169.0471323798
130.6,23.1886077599999,0.0820580249999984,3171.36642400793
130.7,23.1972248024999,0.0861704250000201,3173.68660427205
130.8,23.2063804799999,0.0915567749999653,3176.00773340543
130.9,23.2162021874999,0.0982170749999938,3178.3298843808
131,23.2268173199999,0.106151325000042,3180.65314291042
131.1,23.2383532724999,0.115359524999949,3182.97760744605
131.2,23.2509374399999,0.125841675000004,3185.30338917893
131.3,23.2646972174999,0.137597774999982,3187.6306120398
131.4,23.2797599999999,0.150627825000012,3189.95949592075
131.5,23.2979176189284,0.181576189285807,3192.29040688284
131.6,23.320301622857,0.223840039285627,3194.6237244131
131.7,23.3460489824999,0.257473596428575,3196.95974169566
131.8,23.3742966685713,0.282476860714269,3199.29866561168
131.9,23.4041816517856,0.298849832142867,3201.64061673941
132,23.434840902857,0.306592510714371,3203.98562935418
132.1,23.4654113924999,0.305704896428554,3206.33365142837
132.2,23.4950300914284,0.296186989285676,3208.68454463146
132.3,23.522833970357,0.278038789285702,3211.03808432998
132.4,23.5479599999999,0.251260296428569,3213.39403588884
132.5,23.5710711771427,0.231111771428651,3215.75226382712
132.6,23.5934875885713,0.224164114285646,3218.11270479855
132.7,23.6153318399999,0.218442514285715,3220.47530771741
132.8,23.6367265371427,0.213946971428542,3222.84003375855
132.9,23.6577942857141,0.210677485714313,3225.20685635741
133,23.6786576914284,0.208634057142905,3227.57576120998
133.1,23.6994393599999,0.207816685714253,3229.94674627284
133.2,23.7202618971427,0.208225371428546,3232.31982176312
133.3,23.7412479085713,0.209860114285724,3234.69501015855
133.4,23.7625199999999,0.21272091428569,3237.07233495855
133.5,23.7839759999999,0.214560000000031,3239.45180535855
133.6,23.8054319999999,0.214559999999998,3241.83342135855
133.7,23.8268879999999,0.214559999999998,3244.21718295855
133.8,23.8483439999999,0.214559999999968,3246.60309015855
133.9,23.8697999999999,0.214559999999998,3248.99114295855
134,23.8912559999999,0.214560000000095,3251.38134135855
134.1,23.9127119999999,0.214559999999935,3253.77368535855
134.2,23.9341679999999,0.214559999999998,3256.16817495855
134.3,23.9556239999999,0.214559999999998,3258.56481015855
134.4,23.9770799999999,0.214559999999998,3260.96360231761
134.5,23.9987631811763,0.216831811764757,3263.36458046443
134.6,24.020799755294,0.220365741176419,3265.76777236561
134.7,24.0430382682352,0.222385129411801,3268.17319064231
134.8,24.0653272658822,0.222889976470552,3270.58083277031
134.9,24.0875152941175,0.221880282352956,3272.99068107996
135,24.1094508988234,0.219356047058823,3275.4027027562
135.1,24.1309826258822,0.215317270588219,3277.81684983855
135.2,24.1519590211763,0.209763952941206,3280.23305922114
135.3,24.1722286305881,0.202696094117592,3282.65125265267
135.4,24.1916399999999,0.194113694117664,3285.07132790767
135.5,24.2098651001809,0.182251001810002,3287.49316439932
135.6,24.2268647326695,0.169996324886821,3289.91665367043
135.7,24.2429206895021,0.160559568325844,3292.34171544304
135.8,24.2583147627148,0.153940732126657,3294.76829761839
135.9,24.2733287443438,0.150139816289609,3297.19637627693
136,24.2882444264252,0.149156820814511,3299.6259556783
136.1,24.3033436009953,0.150991745701329,3302.05706826135
136.2,24.3189080600904,0.155644590950224,3304.48977464415
136.3,24.3352195957465,0.1631153565611,3306.92416362393
136.4,24.3525599999999,0.173404042533924,3309.3603253147
136.5,24.3706738153845,0.181138153846207,3311.79831901778
136.6,24.3892002461537,0.185264307692289,3314.23819218393
136.7,24.4082630769229,0.190628307692273,3316.6800046424
136.8,24.4279860923075,0.197230153846153,3319.12382860086
136.9,24.4484930769229,0.205069846153837,3321.56974864547
137,24.4699078153845,0.214147384615451,3324.01786174086
137.1,24.4923540923075,0.22446276923074,3326.46827723009
137.2,24.5159556923075,0.236015999999993,3328.9211168347
137.3,24.5408363999999,0.248807076923079,3331.3765146547
137.4,24.5671199999998,0.262835999999968,3333.83472527378
137.5,24.5970923815383,0.299723815384709,3336.29618565163
137.6,24.6321151753845,0.350227938461504,3338.76133769932
137.7,24.6709257784614,0.388106030769205,3341.23049706763
137.8,24.7122615876922,0.413358092307682,3343.70385314701
137.9,24.7548599999999,0.425984123076905,3346.18146906763
138,24.7974584123076,0.425984123077,3348.66328169932
138.1,24.8387942215383,0.41335809230765,3351.14910165163
138.2,24.8776048246152,0.388106030769237,3353.63861327378
138.3,24.9126276184614,0.350227938461504,3356.1313746547
138.4,24.9425999999998,0.299723815384582,3358.62695014992
138.5,24.9689099042306,0.263099042307776,3361.12508853682
138.6,24.993857833846,0.24947929615379,3363.62565893038
138.7,25.0175500373075,0.236922034615389,3366.1285410704
138.8,25.0400927630768,0.225427257692318,3368.63362532153
138.9,25.0615922596152,0.214994965384573,3371.14081267328
139,25.0821547753845,0.20562515769235,3373.65001473999
139.1,25.101886558846,0.19731783461539,3376.16115376086
139.2,25.1208938584614,0.190072996153855,3378.67416259992
139.3,25.1392829226922,0.183890642307682,3381.18898474605
139.4,25.1571599999999,0.178770773076899,3383.70558228593
139.5,25.1747907974999,0.176307975000032,3386.2239374298
139.6,25.1923120799999,0.175212825000003,3388.74403486793
139.7,25.2096366824999,0.173246024999987,3391.26585057405
139.8,25.2266774399999,0.170407575000016,3393.78935180543
139.9,25.2433471874999,0.166697474999964,3396.3144971028
140,25.2595587599999,0.162115725000085,3398.84123629043
140.1,25.2752249924999,0.156662324999964,3401.36951047605
140.2,25.2902587199999,0.150337274999984,3403.89925205093
140.3,25.3045727774998,0.143140574999986,3406.4303846898
140.4,25.3180799999998,0.135072225000002,3408.96287482298
140.5,25.3317226634999,0.136426635000028,3411.49676817855
140.6,25.3461444479999,0.144217844999975,3414.03211591568
140.7,25.3608102944998,0.146658464999994,3416.5689156876
140.8,25.3751851439998,0.14374849499999,3419.10711164168
140.9,25.3887339374998,0.135487934999993,3421.64659441935
141,25.4009216159998,0.121876785000005,3424.18720115618
141.1,25.4112131204999,0.102915045000024,3426.7287154818
141.2,25.4190733919998,0.0786027149999563,3429.27086751998
141.3,25.4239673714998,0.0489397949999919,3431.81333388855
141.4,25.4253599999998,0.0139262850000037,3434.35578030975
141.5,25.4235684239998,-0.0179157599999904,3436.89793922055
141.6,25.4196097919998,-0.0395863200000229,3439.43961966255
141.7,25.4139990479998,-0.056107439999984,3441.98068217175
141.8,25.4072511359998,-0.0674791200000016,3444.52103877855
141.9,25.3998809999998,-0.0737013599999798,3447.06065300775
142,25.3924035839998,-0.0747741600000466,3449.59953987855
142.1,25.3853338319998,-0.0706975199999782,3452.13776590455
142.2,25.3791866879998,-0.0614714400000302,3454.67544909375
142.3,25.3744770959998,-0.0470959199999789,3457.21275894855
142.4,25.3717199999998,-0.0275709599999843,3459.74987784495
142.5,25.3706579279998,-0.0106207199999773,3462.28693666455
142.6,25.3705184639998,-0.00139464000002931,3464.82401479455
142.7,25.3710441359998,0.00525671999999489,3467.36116587495
142.8,25.3719774719998,0.00933336000003137,3469.89841779855
142.9,25.3730609999998,0.0108352799999842,3472.43577271095
143,25.3740372479998,0.00976247999998137,3474.97320701055
143.1,25.3746487439998,0.00611496000002277,3477.51067134855
143.2,25.3746380159998,-0.000107280000019472,3480.04809062895
143.3,25.3737475919998,-0.00890423999998546,3482.58536400855
143.4,25.3717199999998,-0.0202759200000031,3485.12235229155
143.5,25.3680456599998,-0.0367433999999705,3487.65888999855
143.6,25.3627084799998,-0.053371800000047,3490.19483498355
143.7,25.3561912199998,-0.0651725999999826,3492.73009337655
143.8,25.3489766399998,-0.0721458000000013,3495.26461958355
143.9,25.3415474999998,-0.074291399999975,3497.79841628655
144,25.3343865599998,-0.0716094000000319,3500.33153444355
144.1,25.3279765799998,-0.0640997999999797,3502.86407328855
144.2,25.3228003199998,-0.0517626000000106,3505.39618033155
144.3,25.3193405399998,-0.0345977999999647,3507.92805135855
144.4,25.3180799999998,-0.0126054000000018,3510.45985935855
144.5,25.3180799999998,3.19744231092045e-14,3512.99166735855
144.6,25.3180799999998,-6.3948846218409e-14,3515.52347535855
144.7,25.3180799999998,6.3948846218409e-14,3518.05528335855
144.8,25.3180799999998,-3.19744231092045e-14,3520.58709135855
144.9,25.3180799999998,0,3523.11889935855
145,25.3180799999998,3.19744231092045e-14,3525.65070735855
145.1,25.3180799999998,-6.3948846218409e-14,3528.18251535855
145.2,25.3180799999998,0,3530.71432335855
145.3,25.3180799999998,3.19744231092045e-14,3533.24613135855
145.4,25.3180799999998,0,3535.77793935855
145.5,25.3180799999998,3.19744231092045e-14,3538.30974735855
145.6,25.3180799999998,-6.3948846218409e-14,3540.84155535855
145.7,25.3180799999998,6.3948846218409e-14,3543.37336335855
145.8,25.3180799999998,-3.19744231092045e-14,3545.90517135855
145.9,25.3180799999998,0,3548.43697935855
146,25.3180799999998,3.19744231092045e-14,3550.96878735855
146.1,25.3180799999998,-6.3948846218409e-14,3553.50059535855
146.2,25.3180799999998,0,3556.03240335855
146.3,25.3180799999998,3.19744231092045e-14,3558.56421135855
146.4,25.3180799999998,0,3561.09596840055
146.5,25.3170608399998,-0.0101915999999953,3563.62753233855
146.6,25.3142179199998,-0.0284292000000121,3566.15873688855
146.7,25.3098730799998,-0.0434483999999885,3568.68944795055
146.8,25.3043481599998,-0.05524920000002,3571.21956360855
146.9,25.2979649999998,-0.0638315999999789,3573.74901413055
147,25.2910454399998,-0.0691955999999933,3576.27776196855
147.1,25.2839113199998,-0.071341200000063,3578.80580175854
147.2,25.2768844799998,-0.0702683999999323,3581.33316032054
147.3,25.2702867599998,-0.0659772000000167,3583.85989665854
147.4,25.2644399999998,-0.0584675999999966,3586.38606280334
147.5,25.2588828959998,-0.0555710400000464,3588.91165821854
147.6,25.2530254079998,-0.0585748799999521,3591.43665930254
147.7,25.2469962719998,-0.0602913600000079,3593.96105532734
147.8,25.2409242239998,-0.0607204800000218,3596.48484843854
147.9,25.2349379999998,-0.0598622399999939,3599.00805365534
148,25.2291663359998,-0.0577166399999883,3601.53069887054
148.1,25.2237379679998,-0.0542836800000047,3604.05282485054
148.2,25.2187816319998,-0.0495633600000112,3606.57448523535
148.3,25.2144260639998,-0.0435556800000079,3609.09574653854
148.4,25.2107999999998,-0.0362606399999948,3611.61671067614
148.5,25.2084827519998,-0.0231724800000173,3614.13752033054
148.6,25.2077103359998,-0.00772415999999509,3616.65831067454
148.7,25.2080965439998,0.00386208000002952,3619.17917826014
148.8,25.2092551679998,0.0115862399999926,3621.70018101854
148.9,25.2107999999998,0.0154483199999902,3624.22133826014
149,25.2123448319998,0.0154483199999902,3626.74263067454
149.1,25.2135034559998,0.0115862400000246,3629.26400033054
149.2,25.2138896639998,0.00386207999999755,3631.78535067614
149.3,25.2131172479998,-0.00772416000002707,3634.30654653854
149.4,25.2107999999998,-0.0231724799999852,3636.82744523534
149.5,25.2071739359998,-0.0362606399999948,3639.34794485054
149.6,25.2028183679998,-0.0435556800000398,3641.86797887054
149.7,25.1978620319998,-0.0495633599999473,3644.38749365534
149.8,25.1924336639998,-0.0542836800000365,3646.90644843854
149.9,25.1866619999998,-0.0577166399999883,3649.42481532734
150,25.1806757759998,-0.0598622399999939,3651.94257930254
150.1,25.1746037279998,-0.0607204800000218,3654.45973821854
150.2,25.1685745919998,-0.0602913599999759,3656.97630280334
150.3,25.1627171039998,-0.058574880000016,3659.49229665854
150.4,25.1571599999998,-0.0555710399999825,3662.00772032054
150.5,25.1513132399998,-0.0584676000000286,3664.52252175854
150.6,25.1447155199998,-0.0659771999999847,3667.03664196854
150.7,25.1376886799998,-0.0702683999999962,3669.55005413055
150.8,25.1305545599998,-0.0713412000000311,3672.06276360855
150.9,25.1236349999998,-0.0691955999999933,3674.57480795055
151,25.1172518399998,-0.0638315999999789,3677.08625688855
151.1,25.1117269199998,-0.05524920000002,3679.59721233854
151.2,25.1073820799998,-0.0434483999999885,3682.10780840055
151.3,25.1045391599998,-0.0284292000000121,3684.61821135855
151.4,25.1035199999998,-0.0101915999999953,3687.12861431654
151.5,25.1045391599998,0.0101915999999953,3689.63921037855
151.6,25.1073820799998,0.0284292000000121,3692.15016582854
151.7,25.1117269199998,0.0434483999999885,3694.66161476654
151.8,25.1172518399998,0.05524920000002,3697.17365910855
151.9,25.1236349999998,0.0638315999999789,3699.68636858655
152,25.1305545599998,0.0691956000000572,3702.19978074855
152.1,25.1376886799998,0.0713411999999991,3704.71390095855
152.2,25.1447155199998,0.0702683999999962,3707.22870239655
152.3,25.1513132399998,0.0659771999999847,3709.74412605855
152.4,25.1571599999998,0.0584675999999966,3712.26010489455
152.5,25.1624167199998,0.0525672000000128,3714.77660105855
152.6,25.1675065599998,0.0508983999999692,3717.29360143855
152.7,25.1725010399998,0.0499448000000129,3719.81110007455
152.8,25.1774716799998,0.0497064000000157,3722.32909815855
152.9,25.1824899999998,0.05018320000001,3724.84760403455
153,25.1876275199998,0.0513751999999954,3727.36663319855
153.1,25.1929557599998,0.053282399999972,3729.88620829855
153.2,25.1985462399998,0.055904800000036,3732.40635913455
153.3,25.2044704799998,0.0592423999999632,3734.92712265855
153.4,25.2107999999998,0.0632952000000095,3737.44856147183
153.5,25.2179762657141,0.0717626571428803,3739.97077542569
153.6,25.2263028114284,0.0832654571428116,3742.49387277926
153.7,25.2356442599998,0.0934144857143444,3745.01794825398
153.8,25.2458652342855,0.102209742857095,3747.54308303355
153.9,25.2568303571427,0.109651228571447,3750.06934476398
154,25.2684042514284,0.115738942857209,3752.59678755355
154.1,25.2804515399998,0.120472885714253,3755.12545197283
154.2,25.2928368457141,0.123853057142835,3757.65536505469
154.3,25.3054247914284,0.125879457142858,3760.18654029426
154.4,25.3180799999998,0.126552085714291,3762.71900385169
154.5,25.3311911485713,0.131111485714335,3765.25282254283
154.6,25.3451826742855,0.13991525714281,3767.78808031855
154.7,25.3599728399998,0.147901657142921,3770.32485295598
154.8,25.3754799085713,0.155070685714218,3772.86320805855
154.9,25.391622142857,0.161422342857151,3775.40320505598
155,25.4083178057141,0.166956628571494,3777.94489520426
155.1,25.4254851599998,0.171673542857121,3780.48832158569
155.2,25.4430424685713,0.175573085714223,3783.03351910883
155.3,25.4609079942855,0.178655257142896,3785.58051450855
155.4,25.4789999999998,0.180920057142821,3788.12940886005
155.5,25.4988870299998,0.198870300000052,3790.68043212355
155.6,25.5215782399998,0.226912099999954,3793.23381867605
155.7,25.5461528099998,0.245745700000011,3795.78971081255
155.8,25.5716899199998,0.255371099999969,3798.34815874605
155.9,25.5972687499998,0.25578830000002,3800.90912060755
156,25.6219684799998,0.246997300000036,3803.47246244605
156.1,25.6448682899998,0.228998099999984,3806.03795822855
156.2,25.6650473599998,0.201790699999994,3808.60528984005
156.3,25.6815848699998,0.165375099999967,3811.17404708355
156.4,25.6935599999998,0.119751300000001,3813.74385835305
156.5,25.7026653899998,0.09105390000002,3816.31454931855
156.6,25.7111539199998,0.0848852999999714,3818.88605427105
156.7,25.7189451299998,0.0779121000000167,3821.45829945555
156.8,25.7259585599998,0.0701343000000279,3824.03120307105
156.9,25.7321137499998,0.061551899999941,3826.60467527055
157,25.7373302399998,0.0521649000000437,3829.17861816105
157.1,25.7415275699998,0.0419732999999845,3831.75292580355
157.2,25.7446252799998,0.030977099999987,3834.32748421305
157.3,25.7465429099998,0.0191762999999874,3836.90217135855
157.4,25.7471999999998,0.00657090000001759,3839.47689135855
157.5,25.7471999999998,0,3842.05161135855
157.6,25.7471999999998,-3.19744231092045e-14,3844.62633135855
157.7,25.7471999999998,3.19744231092045e-14,3847.20105135855
157.8,25.7471999999998,3.19744231092045e-14,3849.77577135855
157.9,25.7471999999998,-3.19744231092045e-14,3852.35049135855
158,25.7471999999998,3.19744231092045e-14,3854.92521135854
158.1,25.7471999999998,-3.19744231092045e-14,3857.49993135854
158.2,25.7471999999998,0,3860.07465135854
158.3,25.7471999999998,0,3862.64937135854
158.4,25.7471999999998,0,3865.22409135854
158.5,25.7471999999998,0,3867.79881135854
158.6,25.7471999999998,-3.19744231092045e-14,3870.37353135854
158.7,25.7471999999998,3.19744231092045e-14,3872.94825135854
158.8,25.7471999999998,3.19744231092045e-14,3875.52297135854
158.9,25.7471999999998,-3.19744231092045e-14,3878.09769135854
159,25.7471999999998,3.19744231092045e-14,3880.67241135854
159.1,25.7471999999998,-3.19744231092045e-14,3883.24713135854
159.2,25.7471999999998,0,3885.82185135854
159.3,25.7471999999998,0,3888.39657135854
159.4,25.7471999999998,0,3890.97129135854
159.5,25.7471999999998,0,3893.54601135854
159.6,25.7471999999998,-3.19744231092045e-14,3896.12073135854
159.7,25.7471999999998,3.19744231092045e-14,3898.69545135854
159.8,25.7471999999998,3.19744231092045e-14,3901.27017135854
159.9,25.7471999999998,-3.19744231092045e-14,3903.84489135854
160,25.7471999999998,3.19744231092045e-14,3906.41961135854
160.1,25.7471999999998,-3.19744231092045e-14,3908.99433135854
160.2,25.7471999999998,0,3911.56905135854
160.3,25.7471999999998,0,3914.14377135854
160.4,25.7471999999998,0,3916.71849135854
160.5,25.7471999999998,0,3919.29321135854
160.6,25.7471999999998,-3.19744231092045e-14,3921.86793135853
160.7,25.7471999999998,3.19744231092045e-14,3924.44265135853
160.8,25.7471999999998,3.19744231092045e-14,3927.01737135853
160.9,25.7471999999998,-3.19744231092045e-14,3929.59209135853
161,25.7471999999998,3.19744231092045e-14,3932.16681135853
161.1,25.7471999999998,-3.19744231092045e-14,3934.74153135853
161.2,25.7471999999998,0,3937.31625135853
161.3,25.7471999999998,0,3939.89097135853
161.4,25.7471999999998,0,3942.46574231653
161.5,25.7482191599998,0.0101916000000273,3945.04070637853
161.6,25.7510620799998,0.0284291999999482,3947.61602982853
161.7,25.7554069199998,0.0434484000000203,3950.19184676653
161.8,25.7609318399998,0.05524920000002,3952.76825910853
161.9,25.7673149999998,0.0638315999999789,3955.34533658653
162,25.7742345599998,0.0691956000000572,3957.92311674853
162.1,25.7813686799998,0.0713411999999991,3960.50160495853
162.2,25.7883955199998,0.0702683999999962,3963.08077439653
162.3,25.7949932399998,0.0659772000000167,3965.66056605853
162.4,25.8008399999998,0.0584675999999647,3968.24092791373
162.5,25.8063971039998,0.0555710400000464,3970.82186049853
162.6,25.8122545919998,0.0585748799999521,3973.40338741453
162.7,25.8182837279998,0.0602913600000079,3975.98551938973
162.8,25.8243557759998,0.0607204799999899,3978.56825427853
162.9,25.8303419999998,0.0598622399999939,3981.15157706173
163,25.8361136639998,0.0577166399999883,3983.73545984653
163.1,25.8415420319998,0.0542836800000047,3986.31986186653
163.2,25.8464983679998,0.0495633599999791,3988.90472948173
163.3,25.8508539359998,0.0435556800000079,3991.48999617853
163.4,25.8544799999998,0.0362606399999948,3994.075578335
163.5,25.857163129263,0.0268312926315737,3996.66138002022
163.6,25.8588705751577,0.0170744589473593,3999.24731078022
163.7,25.8597446248419,0.00874049684210476,4001.83329438973
163.8,25.8599275654735,0.00182940631581019,4004.41926885222
163.9,25.8595616842104,-0.0036588126315884,4007.00518639984
164,25.8587892682104,-0.00772416000002707,4009.59101349348
164.1,25.8577526046314,-0.0103666357894419,4012.17673082274
164.2,25.8565939806314,-0.0115862400000246,4014.76233330594
164.3,25.8554556833683,-0.0113829726315515,4017.34783009011
164.4,25.8544799999998,-0.00975683368421442,4019.93316386514
164.5,25.8521955006314,-0.0228449936841919,4022.51814734274
164.6,25.8474740513683,-0.0472144926315964,4025.10256968948
164.7,25.8409728833683,-0.0650116800000333,4027.68628579504
164.8,25.8333492277893,-0.0762365557894072,4030.26921627222
164.9,25.8252603157893,-0.0808891200000374,4032.85134745693
165,25.8173633785262,-0.0789693726315406,4035.43273140822
165.1,25.8103156471577,-0.0704773136842043,4038.01348590822
165.2,25.8047743528419,-0.0554129431579006,4040.5937944622
165.3,25.8013967267367,-0.0337762610526298,4043.17390629853
165.4,25.8008399999998,-0.00556726736842349,4045.75432212024
165.5,25.8074764340868,0.0663643408696189,4048.33589152844
165.6,25.8239117300868,0.164352959999903,4050.91949477888
165.7,25.8481532786085,0.24241548521745,4053.50581286632
165.8,25.8782084702607,0.300551916521779,4056.09532752462
165.9,25.912084695652,0.338762253912989,4058.68832122667
166,25.9477893453912,0.357046497391365,4061.28487718444
166.1,25.9833298100868,0.355404646956366,4063.88487934896
166.2,26.0167134803477,0.333836702608788,4066.48801241032
166.3,26.0459477467825,0.292342664347868,4069.09376179766
166.4,26.0690399999998,0.230922532173825,4071.70161872392
166.5,26.0880985252172,0.190585252173953,4074.31135102897
166.6,26.106547575652,0.184490504347754,4076.92289683244
166.7,26.1243684939129,0.178209182608754,4079.53619238827
166.8,26.1415426226085,0.171741286956539,4082.15117208462
166.9,26.1580513043477,0.16508681739127,4084.76776844392
167,26.173875881739,0.158245773913073,4087.38591212288
167.1,26.1889976973911,0.151218156521694,4090.00553191244
167.2,26.2033980939129,0.14400396521745,4092.62655473783
167.3,26.2170584139129,0.136603200000025,4095.24890565853
167.4,26.2299599999998,0.129015860869512,4097.87255874853
167.5,26.2431017999998,0.131418000000032,4100.49757071853
167.6,26.2571375999998,0.140357999999939,4103.12400414853
167.7,26.2715309999998,0.143934000000023,4105.75186797853
167.8,26.2857455999998,0.142146000000061,4108.38111750853
167.9,26.2992449999998,0.134993999999956,4111.01165439853
168,26.3114927999998,0.122478000000029,4113.64332666853
168.1,26.3219525999998,0.104597999999928,4116.27592869853
168.2,26.3300879999998,0.0813540000000366,4118.90920122853
168.3,26.3353625999998,0.0527460000000026,4121.54283135853
168.4,26.3372399999998,0.0187739999999863,4124.17655535853
168.5,26.3372399999998,3.19744231092045e-14,4126.81027935853
168.6,26.3372399999998,-3.19744231092045e-14,4129.44400335853
168.7,26.3372399999998,-3.19744231092045e-14,4132.07772735853
168.8,26.3372399999998,3.19744231092045e-14,4134.71145135853
168.9,26.3372399999998,0,4137.34517535853
169,26.3372399999998,3.19744231092045e-14,4139.97889935853
169.1,26.3372399999998,-6.3948846218409e-14,4142.61262335853
169.2,26.3372399999998,3.19744231092045e-14,4145.24634735853
169.3,26.3372399999998,0,4147.88007135853
169.4,26.3372399999998,0,4150.51379535853
169.5,26.3372399999998,3.19744231092045e-14,4153.14751935853
169.6,26.3372399999998,-3.19744231092045e-14,4155.78124335853
169.7,26.3372399999998,-3.19744231092045e-14,4158.41496735853
169.8,26.3372399999998,3.19744231092045e-14,4161.04869135854
169.9,26.3372399999998,0,4163.68241535853
170,26.3372399999998,3.19744231092045e-14,4166.31613935854
170.1,26.3372399999998,-6.3948846218409e-14,4168.94986335854
170.2,26.3372399999998,3.19744231092045e-14,4171.58358735854
170.3,26.3372399999998,0,4174.21731135854
170.4,26.3372399999998,0,4176.85103535854
170.5,26.3372399999998,3.19744231092045e-14,4179.48475935854
170.6,26.3372399999998,-3.19744231092045e-14,4182.11848335854
170.7,26.3372399999998,-3.19744231092045e-14,4184.75220735854
170.8,26.3372399999998,3.19744231092045e-14,4187.38593135854
170.9,26.3372399999998,0,4190.01965535854
171,26.3372399999998,3.19744231092045e-14,4192.65337935854
171.1,26.3372399999998,-6.3948846218409e-14,4195.28710335854
171.2,26.3372399999998,3.19744231092045e-14,4197.92082735854
171.3,26.3372399999998,0,4200.55455135854
171.4,26.3372399999998,0,4203.18827535854
171.5,26.3372399999998,3.19744231092045e-14,4205.82199935854
171.6,26.3372399999998,-3.19744231092045e-14,4208.45572335854
171.7,26.3372399999998,-3.19744231092045e-14,4211.08944735854
171.8,26.3372399999998,3.19744231092045e-14,4213.72317135854
171.9,26.3372399999998,0,4216.35689535854
172,26.3372399999998,3.19744231092045e-14,4218.99061935854
172.1,26.3372399999998,-6.3948846218409e-14,4221.62434335854
172.2,26.3372399999998,3.19744231092045e-14,4224.25806735854
172.3,26.3372399999998,0,4226.89179135854
172.4,26.3372399999998,0,4229.52546440054
172.5,26.3362208399998,-0.0101915999999953,4232.15894433854
172.6,26.3333779199998,-0.0284291999999802,4234.79206488854
172.7,26.3290330799998,-0.0434484000000524,4237.42469195054
172.8,26.3235081599998,-0.0552491999999879,4240.05672360854
172.9,26.3171249999998,-0.0638315999999789,4242.68809013054
173,26.3102054399998,-0.0691955999999933,4245.31875396854
173.1,26.3030713199998,-0.0713411999999991,4247.94870975854
173.2,26.2960444799998,-0.0702684000000601,4250.57798432054
173.3,26.2894467599998,-0.0659772000000167,4253.20663665854
173.4,26.2835999999998,-0.0584675999999647,4255.83474455054
173.5,26.2785578399998,-0.0504216000000391,4258.46237325854
173.6,26.2740163199998,-0.0454151999999403,4261.08956211854
173.7,26.2697608799998,-0.0425544000000394,4263.71632901054
173.8,26.2655769599998,-0.041839200000016,4266.34267035854
173.9,26.2612499999998,-0.0432695999999345,4268.96856113054
174,26.2565654399998,-0.0468456000000188,4271.59395483854
174.1,26.2513087199998,-0.0525672000000128,4274.21878353854
174.2,26.2452652799998,-0.0604343999999486,4276.84295783054
174.3,26.2382205599998,-0.07044720000005,4279.46636685854
174.4,26.2299599999998,-0.0826055999999653,4282.08861482436
174.5,26.2149993163635,-0.149606836363688,4284.70883487309
174.6,26.1894016581817,-0.255976581818093,4287.32606863672
174.7,26.1552736145453,-0.341280436363744,4289.93956840618
174.8,26.1147217745453,-0.405518400000094,4292.54879713127
174.9,26.0698527272726,-0.448690472727115,4295.15342842072
175,26.022773061818,-0.470796654545573,4297.75334654218
175.1,25.9755893672726,-0.471836945454381,4300.34864642218
175.2,25.9304082327271,-0.451811345454659,4302.93963364618
175.3,25.8893362472725,-0.410719854545509,4305.52682445854
175.4,25.8544799999998,-0.348562472727157,4308.11070992322
175.5,25.8232292935967,-0.312507064031688,4310.69146380131
175.6,25.7918482681421,-0.313810254545333,4313.26909396566
175.7,25.7607550188141,-0.310932493280721,4315.84365009864
175.8,25.7303676407903,-0.303873780237176,4318.41522369214
175.9,25.7011042292488,-0.292634115414955,4320.98394804757
176,25.6733828793674,-0.277213498814284,4323.54999827586
176.1,25.647621686324,-0.25761193043465,4326.11359129744
176.2,25.6242387452963,-0.233829410276754,4328.67498584228
176.3,25.6036521514623,-0.205865938339961,4331.23448244985
176.4,25.5862799999998,-0.173721514624429,4333.79238825022
176.5,25.5718360073737,-0.144439926260876,4336.34895243489
176.6,25.5594476861216,-0.123883212521701,4338.90435751048
176.7,25.5486538255303,-0.107938605913102,4341.4587398625
176.8,25.5389932148868,-0.0966061064347911,4344.01218975541
176.9,25.5300046434781,-0.0898857140869289,4346.56475133262
177,25.5212269005911,-0.087777428869611,4349.11642261642
177.1,25.5121987755129,-0.0902812507825495,4351.66715550808
177.2,25.5024590575303,-0.0973971798261282,4354.21685578775
177.3,25.4915465359303,-0.109125216000027,4356.76538311455
177.4,25.4789999999998,-0.125465359304311,4359.31260266906
177.5,25.4653910902587,-0.13608909741178,4361.85844848424
177.6,25.4515252133645,-0.138658768941134,4364.4028893353
177.7,25.4372918078116,-0.142334055529449,4366.94588294129
177.8,25.4225803120939,-0.147114957176502,4369.48737596513
177.9,25.4072801647057,-0.153001473882323,4372.02730401358
178,25.391280804141,-0.159993605647074,4374.56559163723
178.1,25.374471668894,-0.16809135247053,4377.10215233054
178.2,25.3567421974587,-0.17729471435301,4379.63688853183
178.3,25.3379818283292,-0.187603691294164,4382.16969162325
178.4,25.3180799999998,-0.199018283294023,4384.70041420207
178.5,25.2963715764704,-0.217084235294162,4387.22885865854
178.6,25.272517552941,-0.238540235294061,4389.75482936443
178.7,25.2468965647057,-0.256209882352952,4392.27816855501
178.8,25.2198872470587,-0.270093176470678,4394.79875632913
178.9,25.191868235294,-0.280190117646981,4397.31651064913
179,25.1632181647057,-0.286500705882406,4399.8313873409
179.1,25.1343156705881,-0.289024941176411,4402.34338009384
179.2,25.1055393882351,-0.287762823529474,4404.8525204609
179.3,25.077267952941,-0.282714352941242,4407.35887785854
179.4,25.0498799999998,-0.273879529411651,4409.86247313426
179.5,25.0220255142855,-0.278544857142922,4412.3632025014
179.6,24.9925618285713,-0.294636857142773,4414.86093952283
179.7,24.9621785999998,-0.30383228571435,4417.35562672711
179.8,24.9315654857141,-0.306131142857204,4419.84727560854
179.9,24.901412142857,-0.301533428571336,4422.33596662711
180,24.8724082285713,-0.290039142857193,4424.82184920854
180.1,24.8452433999998,-0.271648285714168,4427.30514174426
180.2,24.8206073142855,-0.246360857142931,4429.7861315914
180.3,24.7991896285713,-0.21417685714291,4432.26517507283
180.4,24.7816799999998,-0.175096285714197,4434.7426204654
180.5,24.7672278514284,-0.144521485714307,4437.21869880426
180.6,24.7543389257141,-0.128889257142809,4439.69355261854
180.7,24.7427373599998,-0.116015657142903,4442.16729685111
180.8,24.7321472914284,-0.105900685714332,4444.64001885854
180.9,24.7222928571427,-0.098544342857096,4447.11177841111
181,24.7128981942856,-0.0939466285714516,4449.58260769283
181.1,24.7036874399998,-0.0921075428571107,4452.0525113014
181.2,24.6943847314284,-0.0930270857143291,4454.52146624826
181.3,24.6847142057141,-0.096705257142883,4456.98942195854
181.4,24.6743999999998,-0.103142057142804,4459.45632555854
181.5,24.6636719999998,-0.107279999999999,4461.92215635854
181.6,24.6529439999998,-0.107279999999967,4464.38691435854
181.7,24.6422159999998,-0.107280000000063,4466.85059955854
181.8,24.6314879999998,-0.107280000000031,4469.31321195854
181.9,24.6207599999998,-0.107279999999935,4471.77475155854
182,24.6100319999998,-0.107280000000031,4474.23521835854
182.1,24.5993039999998,-0.107279999999967,4476.69461235854
182.2,24.5885759999998,-0.107279999999999,4479.15293355854
182.3,24.5778479999998,-0.107280000000031,4481.61018195854
182.4,24.5671199999998,-0.107279999999967,4484.06635755854
182.5,24.5563919999998,-0.107279999999999,4486.52146035854
182.6,24.5456639999998,-0.107279999999999,4488.97549035854
182.7,24.5349359999998,-0.107280000000031,4491.42844755854
182.8,24.5242079999998,-0.107280000000031,4493.88033195854
182.9,24.5134799999998,-0.107279999999935,4496.33114355854
183,24.5027519999998,-0.107280000000031,4498.78088235854
183.1,24.4920239999998,-0.107279999999967,4501.22954835854
183.2,24.4812959999998,-0.107280000000031,4503.67714155854
183.3,24.4705679999998,-0.107279999999999,4506.12366195854
183.4,24.4598399999998,-0.107279999999967,4508.56910955854
183.5,24.4491119999998,-0.107279999999999,4511.01348435854
183.6,24.4383839999998,-0.107279999999967,4513.45678635854
183.7,24.4276559999998,-0.107280000000063,4515.89901555854
183.8,24.4169279999998,-0.107280000000031,4518.34017195854
183.9,24.4061999999998,-0.107279999999935,4520.78025555854
184,24.3954719999998,-0.107280000000031,4523.21926635854
184.1,24.3847439999998,-0.107279999999967,4525.65720435854
184.2,24.3740159999998,-0.107280000000031,4528.09406955854
184.3,24.3632879999998,-0.107279999999999,4530.52986195854
184.4,24.3525599999998,-0.107279999999967,4532.96458155854
184.5,24.3418319999998,-0.107279999999999,4535.39822835854
184.6,24.3311039999998,-0.107279999999967,4537.83080235854
184.7,24.3203759999998,-0.107280000000063,4540.26230355854
184.8,24.3096479999998,-0.107280000000031,4542.69273195854
184.9,24.2989199999998,-0.107279999999935,4545.12208755854
185,24.2881919999998,-0.107280000000031,4547.55037035854
185.1,24.2774639999998,-0.107279999999967,4549.97758035854
185.2,24.2667359999998,-0.107280000000031,4552.40371755854
185.3,24.2560079999998,-0.107279999999999,4554.82878195854
185.4,24.2452799999998,-0.107279999999967,4557.252782336
185.5,24.2347275490907,-0.105524509090944,4559.67574112218
185.6,24.2244481745453,-0.102793745454512,4562.09767977309
185.7,24.2143248436362,-0.101233309090933,4564.51860804145
185.8,24.2042405236362,-0.100843200000046,4566.93852397672
185.9,24.194078181818,-0.101623418181724,4569.35741392509
186,24.1837207854544,-0.103573963636414,4571.77525252945
186.1,24.173051301818,-0.106694836363605,4574.19200272945
186.2,24.1619526981816,-0.110986036363617,4576.60761576145
186.3,24.150307941818,-0.116447563636417,4579.02203115854
186.4,24.1379999999998,-0.123079418181781,4581.43515273445
186.5,24.1244315181816,-0.135684818181847,4583.84684065945
186.6,24.109326981818,-0.151045363636317,4586.25695961445
186.7,24.0930521181816,-0.162748636363691,4588.66541085309
186.8,24.0759726545453,-0.170794636363681,4591.07213220172
186.9,24.0584543181816,-0.175183363636286,4593.47709805945
187,24.0408628363635,-0.175914818181859,4595.88031939809
187.1,24.0235639363635,-0.172988999999951,4598.28184376218
187.2,24.0069233454544,-0.166405909090947,4600.68175526899
187.3,23.9913067909089,-0.156165545454591,4603.08017460854
187.4,23.9770799999998,-0.142267909090851,4605.47724434618
187.5,23.9643147527998,-0.12765247200003,4607.87309366654
187.6,23.9526716543998,-0.116430983999969,4610.26782223274
187.7,23.9418996695998,-0.107719848000038,4612.66150460438
187.8,23.9317477631998,-0.101519064000012,4615.05419023754
187.9,23.9219648999998,-0.0978286319999563,4617.44590348478
188,23.9123000447998,-0.0966485520000297,4619.83664359514
188.1,23.9025021623998,-0.0979788239999451,4622.22638471414
188.2,23.8923202175998,-0.101819448000022,4624.61507588378
188.3,23.8815031751998,-0.108170424000036,4627.00264104254
188.4,23.8697999999998,-0.117031751999956,4629.38900504078
188.5,23.8574799647998,-0.123200352000005,4631.77412144414
188.6,23.8448481023998,-0.12631862400001,4634.15794920014
188.7,23.8317070175998,-0.131410848000016,4636.54042751678
188.8,23.8178593151998,-0.138477024000053,4638.92147586254
188.9,23.8031075999998,-0.1475171519999,4641.30099396638
189,23.7872544767998,-0.158531232000065,4643.67886181774
189.1,23.7701025503998,-0.171519263999976,4646.05493966654
189.2,23.7514544255998,-0.186481248000014,4648.42906802318
189.3,23.7311127071998,-0.203417184000053,4650.80106765854
189.4,23.7088799999998,-0.222327071999932,4653.17065757054
189.5,23.6829182399998,-0.259617600000056,4655.53740813854
189.6,23.6520931199998,-0.308251199999909,4657.90087593854
189.7,23.6172628799998,-0.348302400000059,4660.26070337054
189.8,23.5792857599998,-0.379771200000121,4662.61661865854
189.9,23.5390199999998,-0.402657599999842,4664.96843585054
190,23.4973238399998,-0.416961600000082,4667.31605481854
190.1,23.4550555199998,-0.422683199999852,4669.65946125854
190.2,23.4130732799998,-0.41982240000011,4671.99872669054
190.3,23.3722353599998,-0.408379200000091,4674.33400845854
190.4,23.3333999999998,-0.388353599999856,4676.66547642254
190.5,23.2959592799998,-0.374407200000043,4678.99320865854
190.6,23.2586854399998,-0.372738399999903,4681.31721827854
190.7,23.2215069599998,-0.371784800000108,4683.63751124254
190.8,23.1843523199998,-0.371546400000078,4685.95408635854
190.9,23.1471499999998,-0.37202319999988,4688.26693528254
191,23.1098284799998,-0.373215200000089,4690.57604251854
191.1,23.0723162399998,-0.375122399999873,4692.88138541854
191.2,23.0345417599998,-0.377744800000129,4695.18293418254
191.3,22.9964335199998,-0.381082400000089,4697.48065185854
191.4,22.9579199999998,-0.385135199999847,4699.77454372972
191.5,22.9199174237286,-0.380025762711959,4702.06468342735
191.6,22.8828765288134,-0.370408949152391,4704.3511286321
191.7,22.8460275661015,-0.368489627118734,4706.63386004972
191.8,22.8086007864405,-0.374267796610284,4708.91278141108
191.9,22.7698264406778,-0.387743457626942,4711.1877194721
192,22.7289347796608,-0.408916610169608,4713.45842401379
192.1,22.6851560542371,-0.43778725423713,4715.72456784227
192.2,22.6377205152541,-0.474355389830623,4717.98574678871
192.3,22.5858584135591,-0.518621016949261,4720.24147970938
192.4,22.5287999999998,-0.57058413559304,4722.49090802413
192.5,22.4597662948742,-0.690337051256005,4724.73263025239
192.6,22.3746782702878,-0.850880245864588,4726.96520497114
192.7,22.2768161047987,-0.978621654890936,4729.18751877523
192.8,22.1694599769653,-1.07356127833393,4731.39878627734
192.9,22.055890065346,-1.13569911619323,4733.59855010804
193,21.9393865484989,-1.16503516847073,4735.78668091571
193.1,21.8232296049825,-1.16156943516399,4737.96337736663
193.2,21.7106994133549,-1.12530191627553,4740.1291661449
193.3,21.6050761521746,-1.05623261180333,4742.28490195251
193.4,21.5096399999998,-0.95436152174769,4744.43143753626
193.5,21.4210716748279,-0.885683251719261,4746.56918877635
193.6,21.3339531270995,-0.871185477284442,4748.69830725191
193.7,21.2484163840374,-0.855367430620255,4750.81895774475
193.8,21.1645934728649,-0.838229111725167,4752.93131823944
193.9,21.082616420805,-0.819770520599174,4755.03557992323
194,21.0026172550806,-0.799991657243784,4757.13194718613
194.1,20.9247280029149,-0.778892521657073,4759.22063762085
194.2,20.8490806915308,-0.756473113840932,4761.30188202284
194.3,20.7758073481514,-0.732733433793857,4763.37592439024
194.4,20.7050399999998,-0.707673481516071,4765.44312084601
194.5,20.6388891153063,-0.66150884693489,4767.50398365181
194.6,20.5783670007645,-0.605221145418407,4769.55899992392
194.7,20.5219584412918,-0.564085594726556,4771.60850525707
194.8,20.468148221806,-0.538102194858407,4773.65268372452
194.9,20.4154211272246,-0.527270945813896,4775.69156787801
195,20.3622619424652,-0.531591847594047,4777.72503874775
195.1,20.3071554524455,-0.551064900197581,4779.75282584248
195.2,20.2485864420829,-0.585690103625711,4781.7745071494
195.3,20.1850396962951,-0.635467457877577,4783.78950913421
195.4,20.1149999999998,-0.700396962952954,4785.79706652832
195.5,20.0361478820637,-0.788521179361347,4787.79630642758
195.6,19.9486501031939,-0.874977788697532,4789.78647497254
195.7,19.8547207960686,-0.939293071253311,4791.76703971701
195.8,19.7565740933659,-0.981467027027242,4793.73768962807
195.9,19.656424127764,-1.0014996560193,4795.69833508606
196,19.5564850319408,-0.999390958231171,4797.64910788458
196.1,19.4589709385748,-0.975140933660622,4799.59036123053
196.2,19.3660959803438,-0.928749582309762,4801.52266974404
196.3,19.2800742899261,-0.860216904177089,4803.44682945854
196.4,19.2031199999998,-0.769542899262635,4805.36360625745
196.5,19.1324159781816,-0.707040218181947,4807.27341693611
196.6,19.0637975951514,-0.686183830302838,4809.17647970278
196.7,18.9974577381816,-0.663398569697065,4811.07303205442
196.8,18.9335892945453,-0.6386844363638,4812.96333077672
196.9,18.872385151515,-0.612041430302816,4814.84765194411
197,18.8140381963635,-0.583469551515299,4816.72629091975
197.1,18.7587413163635,-0.552968799999811,4818.59956235551
197.2,18.7066873987877,-0.520539175757691,4820.46780019199
197.3,18.6580693309089,-0.486180678787949,4822.33135765854
197.4,18.6130799999998,-0.449893309090747,4824.19056297054
197.5,18.5710262399998,-0.420537600000103,4826.04565747187
197.6,18.5308637866665,-0.401624533333166,4827.8968136052
197.7,18.4922588799998,-0.386049066666764,4829.7441704372
197.8,18.4548777599998,-0.373811200000097,4831.58783365854
197.9,18.4183866666665,-0.3649109333332,4833.42787558387
198,18.3824518399998,-0.359348266666771,4835.26433515187
198.1,18.3467395199998,-0.357123199999855,4837.0972179252
198.2,18.3109159466665,-0.358235733333442,4838.92649609053
198.3,18.2746473599998,-0.362685866666762,4840.75210845854
198.4,18.2375999999998,-0.370473599999851,4842.57400232294
198.5,18.2002772879998,-0.373227120000052,4844.39218143854
198.6,18.1633050239998,-0.369722639999907,4846.20667334054
198.7,18.1265330159998,-0.367720080000097,4848.01749054494
198.8,18.0898110719998,-0.367219440000081,4849.82463054854
198.9,18.0529889999998,-0.368220719999858,4851.62807582894
199,18.0159166079998,-0.370723920000098,4853.42779384454
199.1,17.9784437039998,-0.374729039999878,4855.22373703454
199.2,17.9404200959998,-0.380236080000089,4857.01584281894
199.3,17.9016955919998,-0.387245040000061,4858.80403359854
199.4,17.8621199999998,-0.395755919999888,4860.58821586093
199.5,17.8215252479998,-0.405947520000076,4862.36829001454
199.6,17.7799578239998,-0.415674239999881,4864.14416737454
199.7,17.7375893759998,-0.423684480000109,4865.91577642094
199.8,17.6945915519998,-0.42997824000009,4867.68306279853
199.9,17.6511359999998,-0.434555519999854,4869.44598931694
200,17.6073943679998,-0.437416320000074,4871.20453595054
200.1,17.5635383039998,-0.438560639999856,4872.95869983853
200.2,17.5197394559998,-0.437988480000125,4874.70849528493
200.3,17.4761694719998,-0.435699840000051,4876.45395375854
200.4,17.4329999999998,-0.431694719999858,4878.19513786684
200.5,17.3906821661537,-0.423178338461636,4879.93213640469
200.6,17.3492885907691,-0.413935753845998,4881.66502199238
200.7,17.3084231630768,-0.408654276923187,4883.39382763915
200.8,17.2676897723075,-0.407333907692404,4885.11854674315
200.9,17.2266923076921,-0.409974646153714,4886.83913309146
201,17.1850346584614,-0.416576492307787,4888.55550086007
201.1,17.142320713846,-0.427139446153696,4890.26752461392
201.2,17.0981543630768,-0.441663507692401,4891.97503930684
201.3,17.0521394953844,-0.460148676923196,4893.67784028161
201.4,17.0038799999998,-0.482594953845989,4895.37564959348
201.5,16.9523062373812,-0.515737626186692,4897.06812022413
201.6,16.8971063756463,-0.551998617348442,4898.75492659369
201.7,16.8390210155154,-0.58085360130944,4900.43581718235
201.8,16.7787907577085,-0.602302578068916,4902.11061453038
201.9,16.7171562029458,-0.616345547626615,4903.77921523813
202,16.6548579519474,-0.622982509983754,4905.441589966
202.1,16.5926366054336,-0.622213465138924,4907.09778343448
202.2,16.5312327641242,-0.614038413093435,4908.74791442412
202.3,16.4713870287396,-0.598457353846268,4910.39217577556
202.4,16.4138399999998,-0.575470287397516,4912.03075026577
202.5,16.357649804176,-0.561901958238607,4913.66370825251
202.6,16.3015099306876,-0.561398734883525,4915.29106445029
202.7,16.2456140249776,-0.558959057100594,4916.91285293817
202.8,16.1901557324887,-0.554582924888791,4918.52912715972
202.9,16.1353286986639,-0.54827033824818,4920.1399599231
203,16.0813265689459,-0.540021297179785,4921.74544340099
203.1,16.0283429887777,-0.529835801682132,4923.34568913061
203.2,15.976571603602,-0.517713851756664,4924.94082801373
203.3,15.9262060588618,-0.503655447402387,4926.53101031668
203.4,15.8774399999998,-0.487660588619335,4928.11634762709
203.5,15.8293062083719,-0.481337916279185,4929.6968646004
203.6,15.7810332576743,-0.482729506976579,4931.27257168737
203.7,15.7331084818603,-0.479247758139658,4932.84352807221
203.8,15.6860192148835,-0.470892669767523,4934.40984167249
203.9,15.6402527906975,-0.457664241860303,4935.97166913919
204,15.5962965432556,-0.439562474418704,4937.52921585668
204.1,15.5546378065115,-0.416587367441732,4939.08273594272
204.2,15.5157639144184,-0.388738920930314,4940.63253224849
204.3,15.4801622009301,-0.356017134883783,4942.17895635854
204.4,15.4483199999998,-0.318422009302229,4943.72231325853
204.5,15.4188179999998,-0.295020000000054,4945.26276167854
204.6,15.3901503999998,-0.286675999999933,4946.80040293854
204.7,15.3626747999998,-0.274756000000046,4948.33537411853
204.8,15.3367487999998,-0.259260000000075,4949.86784805853
204.9,15.3127299999998,-0.240187999999925,4951.39803335854
205,15.2909759999998,-0.217540000000042,4952.92617437854
205.1,15.2718443999998,-0.191315999999916,4954.45255123854
205.2,15.2556927999998,-0.161516000000056,4955.97747981854
205.3,15.2428787999998,-0.128139999999984,4957.50131175853
205.4,15.2337599999998,-0.0911879999999883,4959.02446186492
205.5,15.2292421277418,-0.04517872258063,4960.54740479402
205.6,15.2296164541934,0.00374326451611396,4962.07060156144
205.7,15.2343188941934,0.0470244000000087,4963.59445677428
205.8,15.2427853625805,0.0846646838709901,4965.11931863111
205.9,15.2544517741934,0.116664116129027,4966.64547892202
206,15.2687540438708,0.143022696774214,4968.17317302853
206.1,15.2851280864514,0.163740425806424,4969.70257992369
206.2,15.303009816774,0.178817303225849,4971.23382217202
206.3,15.3218351496773,0.188253329032296,4972.7669659295
206.4,15.3410399999998,0.192048503225735,4974.3022149862
206.5,15.3639411339588,0.229011339589504,4975.84010610915
206.6,15.3938813250438,0.299401910850353,4977.38131695035
206.7,15.4303354990028,0.364541739589526,4978.92647265438
206.8,15.4727785815834,0.424430825806546,4980.47614585839
206.9,15.5206854985336,0.479069169501348,4982.03085669209
207,15.573531175601,0.528456770674569,4983.5910727778
207.1,15.6307905385335,0.572593629325351,4985.15720923038
207.2,15.691938513079,0.611479745454681,4986.72962865729
207.3,15.7564500249852,0.645115119061729,4988.30864115853
207.4,15.8237999999998,0.673499750146398,4989.89475509911
207.5,15.8984788115279,0.746788115280616,4991.4888842183
207.6,15.9841035723016,0.856247607736695,4993.09203136277
207.7,16.0788393170598,0.94735744758243,4994.70501588265
207.8,16.1808510805415,1.02011763481648,4996.32847363155
207.9,16.2883038974853,1.07452816943871,4997.96285696656
208,16.3993628026304,1.11058905145093,4999.60843474822
208.1,16.5121928307155,1.12830028085068,5001.26529234058
208.2,16.6249590164795,1.12766185764048,5002.93333161114
208.3,16.7358263946614,1.10867378181847,5004.61227093087
208.4,16.8429599999998,1.07133605338451,5006.30180212873
208.5,16.9476639571565,1.04703957156695,5008.00181335831
208.6,17.0525606344292,1.04896677272695,5009.71233101163
208.7,17.1577924320114,1.05231797582227,5011.43339572074
208.8,17.2635017500966,1.05709318085129,5013.16506235769
208.9,17.369830988878,1.06329238781397,5014.90740003456
209,17.4769225485492,1.07091559671202,5016.66049210345
209.1,17.5849188293035,1.07996280754318,5018.42443615648
209.2,17.6939622313345,1.09043402030969,5020.19934402579
209.3,17.8041951548355,1.10232923500997,5021.98534178353
209.4,17.9157599999998,1.11564845164371,5023.78262441744
209.5,18.0298926781503,1.14132678150497,5025.59147728342
209.6,18.1471646415045,1.17271963354195,5027.41217159558
209.7,18.2667216015986,1.1955696009407,5029.24489313916
209.8,18.3877092699685,1.20987668369931,5031.08974227056
209.9,18.5092733581503,1.21564088181777,5032.94673391735
210,18.6305595776801,1.21286219529811,5034.81579757824
210.1,18.7507136400939,1.20154062413748,5036.69677732309
210.2,18.8688812569277,1.18167616833884,5038.58943179293
210.3,18.9842081397177,1.15326882789993,5040.49343419991
210.4,19.0958399999998,1.11631860282095,5042.40846165251
210.5,19.2047090519703,1.08869051970465,5044.33431011634
210.6,19.3122602246304,1.07551172660067,5046.27084354266
210.7,19.418408301724,1.06148077093618,5048.21791736109
210.8,19.5230680669949,1.04659765270957,5050.17537847965
210.9,19.626154304187,1.03086237192085,5052.14306528471
211,19.7275817970442,1.01427492857165,5054.12080764103
211.1,19.8272653293102,0.996835322659748,5056.10842689173
211.2,19.9251196847289,0.9785435541874,5058.10573585832
211.3,20.0210596470442,0.959399623152936,5060.11253884067
211.4,20.1149999999998,0.939403529556327,5062.128693238
211.5,20.2080879464834,0.930879464835375,5064.15415435216
211.6,20.3011343367031,0.930463902197505,5066.18888854026
211.7,20.3935494253845,0.92415088681339,5068.23280318489
211.8,20.4847434672526,0.911940418681524,5070.28574669411
211.9,20.5741267170328,0.89383249780191,5072.34750850143
212,20.6611094294504,0.869827124176016,5074.41781906587
212.1,20.7451018592306,0.839924297801924,5076.49634987188
212.2,20.8255142610987,0.804124018681492,5078.58271342943
212.3,20.9017568897801,0.762426286813341,5080.67646327392
212.4,20.9732399999998,0.714831102197568,5082.77716987312
212.5,21.0408919841294,0.676519841295689,5084.88452207019
212.6,21.1061519572468,0.652599731173862,5086.99828948096
212.7,21.1691962581375,0.630443008907001,5089.11825935515
212.8,21.2302012255869,0.610049674494086,5091.24423657635
212.9,21.2893431983804,0.591419727935019,5093.37604366203
213,21.3467985153035,0.57455316923089,5095.51352076355
213.1,21.4027435151415,0.559449998380384,5097.65652566614
213.2,21.45735453668,0.546110215384718,5099.80493378891
213.3,21.5108079187043,0.53453382024303,5101.95863818485
213.4,21.5632799999998,0.524720812955287,5104.11756214368
213.5,21.61519917668,0.519191766801729,5106.28166024153
213.6,21.6667627802427,0.515636035627367,5108.45088840817
213.7,21.7178005525504,0.510377723077055,5110.62518554757
213.8,21.7681422354654,0.50341682914987,5112.80447353788
213.9,21.81761757085,0.494753353846,5114.98865723146
214,21.8660563005666,0.484387297166088,5117.17762445481
214.1,21.9132881664775,0.47231865910917,5119.37124600865
214.2,21.9591429104452,0.458547439676209,5121.56937566789
214.3,22.0034502743318,0.443073638866532,5123.77185018161
214.4,22.0460399999998,0.425897256679981,5125.97851288966
214.5,22.0872141610858,0.411741610859817,5128.18924495627
214.6,22.1274271710405,0.40213009954737,5130.40395317889
214.7,22.1667372814478,0.393101104072507,5132.62255018016
214.8,22.2052027438912,0.384654624434426,5134.84495440785
214.9,22.2428818099546,0.376790660633383,5137.07109013491
215,22.2798327312215,0.369509212669793,5139.30088745944
215.1,22.3161137592758,0.362810280542828,5141.53428230468
215.2,22.3517831457012,0.356693864253539,5143.77121641907
215.3,22.3868991420813,0.351159963800971,5146.01163737618
215.4,22.4215199999998,0.346208579185376,5148.25551588031
215.5,22.4560500825338,0.345300825339461,5150.5028531693
215.6,22.4906956973754,0.346456148416124,5152.75364885482
215.7,22.5252180130315,0.345223156561204,5155.00787866537
215.8,22.5593781980089,0.341601849773773,5157.26549444631
215.9,22.5929374208143,0.335592228054217,5159.52642415985
216,22.6256568499546,0.327194291402791,5161.79057188505
216.1,22.6572976539365,0.316408039818917,5164.05781781781
216.2,22.6876210012668,0.303233473303238,5166.32801827089
216.3,22.7163880604523,0.287670591855239,5168.60100567392
216.4,22.7433599999998,0.269719395475018,5170.87658421357
216.5,22.7682107930767,0.248507930769311,5173.15454877046
216.6,22.7910803446152,0.228695515384669,5175.43472422372
216.7,22.812428720769,0.213483761538352,5177.71698145915
216.8,22.8327159876921,0.202872669230779,5180.00123736911
216.9,22.8524022115383,0.196862238461498,5182.28745485261
217,22.8719474584614,0.195452469230801,5184.57564281526
217.1,22.8918117946152,0.198643361538494,5186.8658561693
217.2,22.9124552861537,0.206434915384577,5189.15819583357
217.3,22.9343379992306,0.218827130769241,5191.45280873353
217.4,22.9579199999998,0.235820007692266,5193.74985121603
217.5,22.9829296499998,0.250096500000031,5196.04943265853
217.6,23.0086991999998,0.257695500000092,5198.35162234603
217.7,23.0350945499998,0.263953499999929,5200.65647615353
217.8,23.0619815999998,0.268870500000016,5202.96403654603
217.9,23.0892262499998,0.272446499999941,5205.27433257853
218,23.1166943999998,0.274681500000053,5207.58737989603
218.1,23.1442519499998,0.275575500000067,5209.90318073353
218.2,23.1717647999998,0.275128499999916,5212.22172391603
218.3,23.1990988499998,0.27334050000005,5214.54298485853
218.4,23.2261199999998,0.270211499999924,5216.86693785853
218.5,23.2529399999998,0.268200000000079,5219.19357285853
218.6,23.2797599999998,0.268200000000014,5221.52288985853
218.7,23.3065799999998,0.268199999999919,5223.85488885853
218.8,23.3333999999998,0.268200000000047,5226.18956985853
218.9,23.3602199999998,0.268199999999919,5228.52693285853
219,23.3870399999998,0.268200000000079,5230.86697785853
219.1,23.4138599999998,0.268200000000047,5233.20970485853
219.2,23.4406799999998,0.268199999999919,5235.55511385853
219.3,23.4674999999998,0.268200000000047,5237.90320485853
219.4,23.4943199999998,0.268199999999919,5240.25399056274
219.5,23.5213940842103,0.270740842105336,5242.60750343748
219.6,23.5488634105261,0.274693263157924,5244.96377453748
219.7,23.5765585894735,0.276951789473621,5247.32281797853
219.8,23.6043102315788,0.277516421052682,5249.68463093748
219.9,23.6319489473682,0.276387157894657,5252.04919365222
220,23.6593053473682,0.273564000000094,5254.41646942169
220.1,23.6862100421051,0.269046947368444,5256.7864046059
220.2,23.7124936421051,0.262835999999937,5259.1589286259
220.3,23.7379867578946,0.254931157894792,5261.5339539638
220.4,23.7625199999998,0.24533242105253,5263.9113964189
220.5,23.7863291021051,0.238091021052703,5266.2911995359
220.6,23.8097332378946,0.234041357894803,5268.67332060669
220.7,23.8326881778946,0.229549399999875,5271.05771250022
220.8,23.8551496926314,0.224615147368496,5273.44432366248
220.9,23.8770735526314,0.219238599999897,5275.83309811653
221,23.8984155284209,0.213419757894847,5278.22397546248
221.1,23.9191313905261,0.207158621052641,5280.61689087748
221.2,23.9391769094735,0.200455189473602,5283.01177511574
221.3,23.9585078557893,0.193309463157948,5285.40855450853
221.4,23.9770799999998,0.185721442105205,5287.80716830246
221.5,23.9951958784614,0.181158784615458,5290.20758421699
221.6,24.0131224123075,0.179265338461544,5292.60977843507
221.7,24.0307619492306,0.176395369230701,5295.01371737438
221.8,24.0480168369229,0.172548876923088,5297.41935768738
221.9,24.0647894230767,0.16772586153845,5299.8266462613
222,24.0809820553844,0.161926323076948,5302.23552021815
222.1,24.0964970815383,0.155150261538516,5304.64590691469
222.2,24.1112368492306,0.147397676923028,5307.05772394245
222.3,24.1251037061537,0.138668569230802,5309.47087912776
222.4,24.1379999999998,0.128962938461488,5311.88528237146
222.5,24.150064873846,0.120648738461593,5314.30086404469
222.6,24.1615685907691,0.115037169230767,5316.71757298315
222.7,24.1726101784614,0.110415876923028,5319.1353679253
222.8,24.1832886646152,0.106784861538472,5321.55421751238
222.9,24.1937030769229,0.104144123076907,5323.97410028838
223,24.2039524430768,0.10249366153846,5326.39500470007
223.1,24.2141357907691,0.101833476923133,5328.81692909699
223.2,24.2243521476921,0.102163569230733,5331.23988173146
223.3,24.2347005415383,0.103483938461547,5333.66388075853
223.4,24.2452799999998,0.105794584615353,5336.08895320453
223.5,24.2561689199998,0.108889200000004,5338.51512705853
223.6,24.2673081599998,0.111392400000053,5340.94242198853
223.7,24.2785904399998,0.112822799999972,5343.37084693453
223.8,24.2899084799998,0.113180399999983,5345.80040010853
223.9,24.3011549999998,0.11246519999996,5348.23106899453
224,24.3122227199998,0.110677200000062,5350.66283034853
224.1,24.3230043599998,0.107816400000001,5353.09565019853
224.2,24.3333926399998,0.103882799999969,5355.52948384453
224.3,24.3432802799998,0.0988764000000302,5357.96427585853
224.4,24.3525599999998,0.0927971999999606,5360.39992477153
224.5,24.3604182599998,0.0785826000000185,5362.83626742853
224.6,24.3664348799998,0.0601662000000118,5365.27314380353
224.7,24.3710926199998,0.0465773999999542,5367.71044214653
224.8,24.3748742399998,0.0378162000000052,5370.14809898353
224.9,24.3782624999998,0.0338826000000055,5372.58609911653
225,24.3817401599998,0.0347765999999864,5375.02447562353
225.1,24.3857899799998,0.0404982000000124,5377.46330985853
225.2,24.3908947199998,0.0510473999999875,5379.90273145153
225.3,24.3975371399998,0.0664242000000073,5382.34291830853
225.4,24.4061999999998,0.0866285999999761,5384.78410431369
225.5,24.4175201030768,0.1132010307693,5387.22655182161
225.6,24.4314300553845,0.139099523076947,5389.67049114045
225.7,24.4473563215383,0.15926266153841,5392.11609522484
225.8,24.4647253661537,0.173690446153849,5394.56347967584
225.9,24.482963653846,0.182382876923072,5397.01270274099
226,24.5014976492306,0.185339953846174,5399.4637653143
226.1,24.5197538169229,0.182561676923156,5401.91661093622
226.2,24.5371586215383,0.174048046153764,5404.37112579368
226.3,24.5531385276921,0.159799061538443,5406.82713872007
226.4,24.5671199999998,0.139814723076906,5409.28448006168
226.5,24.5797068323075,0.125868323076965,5411.74305961622
226.6,24.5918842584614,0.121774261538508,5414.2028363743
226.7,24.6036509030768,0.117666446153766,5416.66376918899
226.8,24.6150053907691,0.11354487692309,5419.12581677584
226.9,24.6259463461537,0.109409553846127,5421.58893771284
227,24.636472393846,0.105260476923103,5424.05309044045
227.1,24.6465821584614,0.101097646153857,5426.51823326161
227.2,24.6562742646152,0.0969210615384207,5428.98432434168
227.3,24.6655473369229,0.0927307230769224,5431.45132170853
227.4,24.6743999999998,0.0885266307692341,5433.91913680539
227.5,24.6819019371427,0.0750193714286169,5436.38760613996
227.6,24.6874847542856,0.0558281714285797,5438.85656487567
227.7,24.6916899599998,0.0420520571428079,5441.32590232682
227.8,24.695059062857,0.0336910285713969,5443.79556195853
227.9,24.6981335714284,0.0307450857143153,5446.26554138682
228,24.7014549942855,0.0332142285714347,5448.73589237853
228.1,24.7055648399998,0.0410984571428834,5451.20672085139
228.2,24.7110046171427,0.0543977714285332,5453.67818687396
228.3,24.7183158342856,0.0731121714286083,5456.15050466567
228.4,24.7280399999998,0.0972416571428205,5458.62397811766
228.5,24.7414290398318,0.133890398319355,5461.09899063198
228.6,24.7588212463864,0.173922065546314,5463.57590107824
228.7,24.7793876788234,0.205664324369643,5466.05498543199
228.8,24.8022993963024,0.229117174789981,5468.53643677471
228.9,24.826727457983,0.244280616806655,5471.02036529376
229,24.851842923025,0.251154650420212,5473.50679828244
229.1,24.8768168505881,0.249739275630298,5475.99568013996
229.2,24.9008202998318,0.240034492436913,5478.48687237145
229.3,24.9230243299158,0.222040300840344,5480.98015358794
229.4,24.9425999999998,0.195756700840274,5483.47529486159
229.5,24.960225472941,0.176254729411806,5485.97216649853
229.6,24.9772072658822,0.169817929411789,5488.4707098103
229.7,24.9936589694116,0.164517035294086,5490.97087746747
229.8,25.0096941741175,0.160352047058826,5493.47263349971
229.9,25.0254264705881,0.157322964705848,5495.97595329571
230,25.0409694494116,0.155429788235345,5498.48082360324
230.1,25.0564367011763,0.154672517647061,5500.98724252912
230.2,25.0719418164704,0.155051152941123,5503.49521953924
230.3,25.0875983858822,0.156565694117692,5506.00477545853
230.4,25.1035199999998,0.159216141176415,5508.51590792053
230.5,25.1191292399998,0.156092400000034,5511.02856375853
230.6,25.1339875199998,0.148582800000046,5513.54268396853
230.7,25.1484166799998,0.144291599999939,5516.05824173053
230.8,25.1627385599998,0.1432188,5518.57524240853
230.9,25.1772749999998,0.145364400000005,5521.09372355053
231,25.1923478399998,0.15072840000002,5523.61375488853
231.1,25.2082789199998,0.159310800000043,5526.13543833853
231.2,25.2253900799998,0.171111599999978,5528.65890800053
231.3,25.2440031599999,0.186130800000083,5531.18433015853
231.4,25.2644399999998,0.204368399999908,5533.71194887453
231.5,25.2879343199999,0.234943200000085,5536.24209939853
231.6,25.3150761599999,0.271418400000056,5538.77511429853
231.7,25.3452218399998,0.301456799999912,5541.31126177453
231.8,25.3777276799999,0.32505840000007,5543.85074565853
231.9,25.4119499999998,0.342223199999892,5546.39370541453
232,25.4472451199999,0.352951200000081,5548.94021613853
232.1,25.4829693599999,0.357242400000094,5551.49028855853
232.2,25.5184790399999,0.355096799999896,5554.04386903453
232.3,25.5531304799999,0.346514400000032,5556.60083955853
232.4,25.5862799999998,0.331495199999896,5559.16106561791
232.5,25.6182411876922,0.319611876923173,5561.72447046622
232.6,25.6498557784614,0.316145907692352,5564.29102687084
232.7,25.681272313846,0.31416535384605,5566.8607224533
232.8,25.7126393353845,0.31367021538465,5569.4335596893
232.9,25.7441053846152,0.31466049230761,5572.00955590868
233,25.7758190030768,0.317136184615438,5574.58874329545
233.1,25.8079287323075,0.321097292307754,5577.17116888776
233.2,25.840583113846,0.326543815384493,5579.75689457791
233.3,25.8739306892306,0.33347575384623,5582.34599711238
233.4,25.9081199999998,0.341893107692197,5584.93856953591
233.5,25.9433284707691,0.352084707692384,5587.53471190776
233.6,25.9795189661537,0.361904953846243,5590.13451376545
233.7,26.0165181876922,0.369992215384481,5592.73804731668
233.8,26.0541528369229,0.376346492307743,5595.3453674393
233.9,26.0922496153845,0.380967784615291,5597.9565116813
234,26.1306352246152,0.383856092307763,5600.57150026084
234.1,26.1691363661537,0.385011415384745,5603.19033606622
234.2,26.2075797415383,0.384433753845983,5605.81300465591
234.3,26.2457920523075,0.382123107692401,5608.43947425853
234.4,26.2835999999998,0.378079476922946,5611.06972331136
234.5,26.3213810565516,0.377810565517321,5613.70376859646
234.6,26.3595246455171,0.3814358896553,5616.34163859853
234.7,26.3978753958619,0.38350750344813,5618.98334626515
234.8,26.4362779365516,0.384025406896607,5621.6288890068
234.9,26.4745768965516,0.382989599999874,5624.27824869687
235,26.5126169048274,0.38040008275879,5626.93139167163
235.1,26.5502425903447,0.376256855172429,5629.58826873025
235.2,26.5872985820688,0.370559917241302,5632.2488151348
235.3,26.6236295089654,0.363309268965568,5634.91295061025
235.4,26.6590799999998,0.354504910344719,5637.58056769163
235.5,26.6932616275861,0.341816275862147,5640.25153634818
235.6,26.7261115034481,0.328498758620746,5642.92574005163
235.7,26.7579625655171,0.318510620689513,5645.60309556749
235.8,26.789147751724,0.311851862069051,5648.28355295508
235.9,26.8199999999998,0.308522482758502,5650.96709556749
236,26.8508522482757,0.308522482758661,5653.65374005163
236.1,26.8820374344826,0.311851862069083,5656.34353634818
236.2,26.9138884965516,0.318510620689543,5659.03656769163
236.3,26.9467383724136,0.328498758620746,5661.73295061025
236.4,26.9809199999998,0.341816275861956,5664.43281513481
236.5,27.0163704910343,0.35450491034491,5667.13626873025
236.6,27.0527014179309,0.363309268965601,5669.84339167163
236.7,27.089757409655,0.370559917241239,5672.55424869687
236.8,27.1273830951723,0.376256855172557,5675.26888900681
236.9,27.1654231034481,0.38040008275847,5677.98734626515
237,27.2037220634481,0.382989600000097,5680.70963859853
237.1,27.2421246041378,0.38402540689664,5683.43576859646
237.2,27.2804753544826,0.38350750344813,5686.16572331136
237.3,27.3186189434481,0.3814358896553,5688.89947425853
237.4,27.3563999999998,0.377810565517098,5691.63699165853
237.5,27.3939479999998,0.37548000000011,5694.37826385853
237.6,27.4314959999999,0.375480000000077,5697.12329085853
237.7,27.4690439999998,0.375479999999854,5699.87207265853
237.8,27.5065919999998,0.375480000000077,5702.62460925853
237.9,27.5441399999998,0.375479999999917,5705.38090065853
238,27.5816879999998,0.375480000000077,5708.14094685853
238.1,27.6192359999999,0.37548000000011,5710.90474785853
238.2,27.6567839999998,0.375479999999887,5713.67230365853
238.3,27.6943319999999,0.375480000000077,5716.44361425853
238.4,27.7318799999998,0.375479999999854,5719.21867965853
238.5,27.7694279999999,0.375480000000077,5721.99749985853
238.6,27.8069759999999,0.375480000000077,5724.78007485853
238.7,27.8445239999999,0.375479999999887,5727.56640465853
238.8,27.8820719999999,0.375480000000045,5730.35648925853
238.9,27.9196199999998,0.375479999999887,5733.15032865853
239,27.9571679999999,0.375480000000077,5735.94792285853
239.1,27.9947159999999,0.375480000000077,5738.74927185853
239.2,28.0322639999999,0.375479999999887,5741.55437565853
239.3,28.0698119999999,0.375480000000077,5744.36323425853
239.4,28.1073599999998,0.375479999999854,5747.17584765853
239.5,28.1449079999999,0.375480000000077,5749.99221585853
239.6,28.1824559999999,0.37548000000011,5752.81233885853
239.7,28.2200039999999,0.375479999999854,5755.63621665853
239.8,28.2575519999999,0.375480000000045,5758.46384925853
239.9,28.2950999999998,0.375479999999917,5761.29523665853
240,28.3326479999999,0.37548000000011,5764.13037885853
240.1,28.3701959999999,0.375480000000077,5766.96927585853
240.2,28.4077439999999,0.375479999999887,5769.81192765853
240.3,28.4452919999999,0.375480000000077,5772.65833425853
240.4,28.4828399999999,0.375479999999854,5775.50849565853
240.5,28.5203879999999,0.37548000000011,5778.36241185853
240.6,28.5579359999999,0.375480000000045,5781.22008285853
240.7,28.5954839999999,0.375479999999887,5784.08150865853
240.8,28.6330319999999,0.375480000000045,5786.94668925853
240.9,28.6705799999999,0.375479999999917,5789.81562465853
241,28.7081279999999,0.375480000000045,5792.68831485853
241.1,28.7456759999999,0.37548000000011,5795.56475985853
241.2,28.7832239999999,0.375479999999887,5798.44495965853
241.3,28.8207719999999,0.375480000000077,5801.32891425853
241.4,28.8583199999999,0.375479999999854,5804.21662365853
241.5,28.8958679999999,0.37548000000011,5807.10808785853
241.6,28.9334159999999,0.375480000000045,5810.00330685853
241.7,28.9709639999999,0.375479999999854,5812.90228065853
241.8,29.0085119999999,0.37548000000011,5815.80500925853
241.9,29.0460599999999,0.375479999999854,5818.71149265853
242,29.0836079999999,0.37548000000011,5821.62173085853
242.1,29.1211559999999,0.37548000000011,5824.53572385853
242.2,29.1587039999999,0.375479999999854,5827.45347165853
242.3,29.1962519999999,0.375480000000045,5830.37497425853
242.4,29.2337999999999,0.375479999999917,5833.30024465591
242.5,29.2716079476922,0.378079476923169,5836.22931606622
242.6,29.3098202584614,0.382123107692401,5839.16222026084
242.7,29.348263633846,0.384433753845983,5842.0989716813
242.8,29.3867647753845,0.385011415384682,5845.0395674393
242.9,29.4251503846153,0.383856092307668,5847.98398731668
243,29.4632471630768,0.380967784615451,5850.93219376545
243.1,29.5008818123076,0.376346492307774,5853.88413190776
243.2,29.537881033846,0.36999221538445,5856.83972953591
243.3,29.5740715292306,0.361904953846243,5859.79889711238
243.4,29.6092799999999,0.352084707692192,5862.76153457791
243.5,29.6434693107691,0.34189310769242,5865.72754888776
243.6,29.6768168861537,0.33347575384623,5868.69686329545
243.7,29.7094712676922,0.326543815384461,5871.66941590868
243.8,29.7415809969229,0.321097292307691,5874.6451596893
243.9,29.7732946153845,0.317136184615343,5877.6240624533
244,29.8047606646153,0.314660492307801,5880.60610687084
244.1,29.8361276861537,0.313670215384682,5883.59129046622
244.2,29.8675442215383,0.314165353845987,5886.57962561791
244.3,29.8991588123076,0.316145907692417,5889.57113955853
244.4,29.9311199999999,0.319611876922949,5892.56587189914
244.5,29.9635268123076,0.324068123077047,5895.56386225084
244.6,29.9962802215383,0.327534092307707,5898.56513784622
244.7,30.0292316861537,0.329514646153691,5901.56971106376
244.8,30.0622326646153,0.330009784615505,5904.57757942776
244.9,30.0951346153845,0.329019507692195,5907.58872560838
245,30.1277889969229,0.326543815384654,5910.60311742161
245.1,30.1600472676922,0.322582707692433,5913.6207078293
245.2,30.1917608861537,0.31713618461528,5916.64143493915
245.3,30.2227813107691,0.310204246153959,5919.66522200468
245.4,30.2529599999999,0.301786892307511,5922.69205965954
245.5,30.2837930972306,0.308330972307772,5925.7220616893
245.6,30.316247497846,0.324544006153928,5928.7553431036
245.7,30.3493807883076,0.331332904615244,5931.79192467078
245.8,30.3822505550768,0.328697667692424,5934.83173291776
245.9,30.4139143846152,0.316638295384507,5937.87460013016
246,30.4434298633845,0.295154787692326,5940.92026435222
246.1,30.469854577846,0.264247144615431,5943.96836938684
246.2,30.4922461144614,0.223915366153762,5947.01846479554
246.3,30.5096620596922,0.174159452307762,5950.07000589853
246.4,30.5211599999999,0.114979403076859,5953.12250596093
246.5,30.5288412479999,0.076812480000065,5956.17572551453
246.6,30.5355498239999,0.0670857600000047,5959.22957587453
246.7,30.5414573759999,0.0590755199999364,5962.28398552093
246.8,30.5467355519999,0.0527817599999878,5965.33890009853
246.9,30.5515559999999,0.048204480000031,5968.39428241693
247,30.5560903679999,0.0453436800000019,5971.45011245053
247.1,30.5605103039999,0.0441993600000288,5974.50638733853
247.2,30.5649874559999,0.0447715199999835,5977.56312138493
247.3,30.5696934719999,0.0470601599999938,5980.62034605853
247.4,30.5747999999999,0.051065279999996,5983.67808889453
247.5,30.5800567199999,0.0525672000000128,5986.73634905853
247.6,30.5851465599999,0.0508984000000652,5989.79511343853
247.7,30.5901410399999,0.0499447999999489,5992.85437607453
247.8,30.5951116799999,0.0497063999999839,5995.91413815853
247.9,30.6001299999999,0.0501831999999779,5998.97440803453
248,30.6052675199999,0.0513751999999954,6002.03520119853
248.1,30.6105957599999,0.0532824000000361,6005.09654029853
248.2,30.6161862399999,0.055904800000036,6008.15845513453
248.3,30.6221104799999,0.0592423999999312,6011.22098265853
248.4,30.6284399999999,0.0632952000000416,6014.28418403503
248.5,30.6355875299999,0.0714753000000315,6017.34815544353
248.6,30.6438406399999,0.0825311000000041,6020.41300163103
248.7,30.6530831099999,0.0924246999999952,6023.47881572253
248.8,30.6631987199999,0.10115609999994,6026.54567922103
248.9,30.6740712499999,0.108725300000032,6029.61366200753
249,30.6855844799999,0.115132300000013,6032.68282234103
249.1,30.6976221899999,0.120377100000013,6035.75320685853
249.2,30.7100681599999,0.124459699999967,6038.82485057503
249.3,30.7228061699999,0.127380100000003,6041.89777688353
249.4,30.7357199999999,0.12913829999993,6044.97204211957
249.5,30.749584720909,0.138647209090905,6048.04777091489
249.6,30.7649911854544,0.154064645454639,6051.12509781648
249.7,30.7815468463635,0.165556609090828,6054.20411811662
249.8,30.7988591563635,0.173123100000048,6057.28488785285
249.9,30.8165355681817,0.176764118181787,6060.36742380798
250,30.8341835345453,0.176479663636364,6063.45170351012
250.1,30.8514105081817,0.172269736363717,6066.53766523262
250.2,30.8678239418181,0.164134336363588,6069.62520799412
250.3,30.8830312881817,0.152073463636363,6072.71419155853
250.4,30.8966399999999,0.136087118181784,6075.80447095562
250.5,30.9089479418181,0.123079418181845,6078.89594798762
250.6,30.9205926981817,0.116447563636385,6081.98856218762
250.7,30.9316913018181,0.110986036363585,6085.08226479198
250.8,30.9423607854544,0.106694836363637,6088.17701874035
250.9,30.952718181818,0.10357396363635,6091.27279867562
251,30.9628805236362,0.101623418181852,6094.36959094398
251.1,30.9729648436362,0.100843200000014,6097.46739359489
251.2,30.9830881745453,0.101233309090901,6100.56621638107
251.3,30.9933675490908,0.102793745454576,6103.66608075853
251.4,31.0039199999999,0.105524509090848,6106.76701720453
251.5,31.0148089199999,0.108889200000036,6109.86905505853
251.6,31.0259481599999,0.111392400000021,6112.97221398853
251.7,31.0372304399999,0.11282279999994,6116.07650293453
251.8,31.0485484799999,0.113180400000047,6119.18192010853
251.9,31.0597949999999,0.112465200000024,6122.28845299453
252,31.0708627199999,0.110677199999998,6125.39607834853
252.1,31.0816443599999,0.107816400000033,6128.50476219853
252.2,31.0920326399999,0.103882799999937,6131.61445984453
252.3,31.1019202799999,0.0988764000000302,6134.72511585853
252.4,31.1111999999999,0.0927971999999926,6137.83662694289
252.5,31.1190216872726,0.078216872727296,6140.94882526944
252.6,31.1249448436362,0.0592315636363807,6144.06154634216
252.7,31.129476610909,0.0453176727272507,6147.17467637925
252.8,31.133124130909,0.0364751999999698,6150.28815231307
252.9,31.1363945454544,0.0327041454545381,6153.40196179016
253,31.1397949963635,0.0340045090908916,6156.51614317125
253.1,31.1438326254544,0.0403762909091584,6159.63078553126
253.2,31.1490145745453,0.0518194909090184,6162.74602865925
253.3,31.1558479854544,0.0683341090909195,6165.86206305853
253.4,31.1648399999999,0.0899201454545419,6168.97911466725
253.5,31.1761921745453,0.113521745454669,6172.09740097126
253.6,31.1895339054544,0.133417309090859,6175.21710337125
253.7,31.2045140945453,0.149801890909067,6178.33836815816
253.8,31.2207816436362,0.162675490909102,6181.46130651307
253.9,31.2379854545453,0.172038109090899,6184.58599450726
254,31.2557744290908,0.177889745454522,6187.71247310216
254.1,31.2737974690908,0.180230400000099,6190.84074814944
254.2,31.2917034763635,0.179060072727182,6193.97079039089
254.3,31.3091413527272,0.174378763636412,6197.10253545853
254.4,31.3257599999999,0.166186472727212,6200.23595226553
254.5,31.3425761399999,0.168161400000066,6203.37110700853
254.6,31.3605187199999,0.179425800000033,6206.50808819353
254.7,31.3791049799999,0.185862599999923,6209.64693605053
254.8,31.3978521599999,0.187471799999991,6212.78764253353
254.9,31.4162774999999,0.184253399999982,6215.93015132053
255,31.4338982399999,0.176207400000024,6219.07435781353
255.1,31.4502316199999,0.163333800000053,6222.22010913853
255.2,31.4647948799999,0.145632599999878,6225.36720414553
255.3,31.4771052599999,0.123103800000074,6228.51539340853
255.4,31.4866799999999,0.0957473999999365,6231.66443822953
255.5,31.4942164199999,0.0753642000000099,6234.81419109853
255.6,31.5008409599999,0.0662454000000495,6237.96456887353
255.7,31.5067145399999,0.0587357999999654,6241.11550450453
255.8,31.5119980799999,0.0528353999999496,6244.26694703353
255.9,31.5168524999999,0.0485442000000661,6247.41886159453
256,31.5214387199999,0.0458622000000589,6250.57122941352
256.1,31.5259176599999,0.044789399999928,6253.72404780853
256.2,31.5304502399999,0.0453257999999933,6256.87733018953
256.3,31.5351973799999,0.0474713999999991,6260.03110605853
256.4,31.5403199999999,0.0512262000000092,6263.18540625853
256.5,31.5456839999999,0.0536400000000157,6266.34024285853
256.6,31.5510479999999,0.0536400000000157,6269.49561585852
256.7,31.5564119999999,0.0536399999999518,6272.65152525852
256.8,31.5617759999999,0.0536400000000157,6275.80797105853
256.9,31.5671399999999,0.0536400000000157,6278.96495325853
257,31.5725039999999,0.0536399999999518,6282.12247185853
257.1,31.5778679999999,0.0536400000000157,6285.28052685853
257.2,31.5832319999999,0.0536400000000157,6288.43911825853
257.3,31.5885959999999,0.0536399999999518,6291.59824605853
257.4,31.5939599999999,0.0536400000000157,6294.75791991373
257.5,31.5995171039999,0.0555710400000464,6297.91816449853
257.6,31.6053745919999,0.058574880000016,6301.07900341452
257.7,31.6114037279999,0.060291359999944,6304.24044738973
257.8,31.6174757759999,0.0607204799999579,6307.40249427853
257.9,31.6234619999999,0.059862240000058,6310.56512906173
258,31.6292336639999,0.0577166399999883,6313.72832384653
258.1,31.6346620319999,0.0542836800000047,6316.89203786653
258.2,31.6396183679999,0.0495633600000432,6320.05621748173
258.3,31.6439739359999,0.0435556800000398,6323.22079617853
258.4,31.6475999999999,0.0362606399999307,6326.38570100653
258.5,31.6504965599999,0.0289656000000135,6329.55086330653
258.6,31.6527494399999,0.0225287999999964,6332.71621871053
258.7,31.6543586399999,0.0160919999999791,6335.88170285053
258.8,31.6553241599999,0.00965520000002585,6339.04725135852
258.9,31.6556459999999,0.00321840000000862,6342.21279986653
259,31.6553241599999,-0.00321840000007256,6345.37828400653
259.1,31.6543586399999,-0.00965519999996189,6348.54363941053
259.2,31.6527494399999,-0.0160919999999791,6351.70880171053
259.3,31.6504965599999,-0.0225288000000603,6354.87370653852
259.4,31.6475999999999,-0.0289655999999496,6358.03828523533
259.5,31.6439739359998,-0.0362606400000587,6361.20246485052
259.6,31.6396183679999,-0.0435556799999759,6364.36617887052
259.7,31.6346620319999,-0.0495633599999791,6367.52937365532
259.8,31.6292336639999,-0.0542836800000047,6370.69200843852
259.9,31.6234619999999,-0.0577166399999883,6373.85405532733
260,31.6174757759998,-0.059862240000058,6377.01549930252
260.1,31.6114037279998,-0.0607204800000218,6380.17633821853
260.2,31.6053745919999,-0.060291359999944,6383.33658280333
260.3,31.5995171039999,-0.058574880000016,6386.49625665853
260.4,31.5939599999999,-0.0555710399999825,6389.65539250452
260.5,31.5887569199999,-0.0520307999999474,6392.81402055852
260.6,31.5838041599999,-0.0495276000000899,6395.97216048853
260.7,31.5789944399999,-0.0480971999999156,6399.12982123452
260.8,31.5742204799999,-0.0477396000000639,6402.28700100852
260.9,31.5693749999999,-0.0484547999999591,6405.44368729452
261,31.5643507199999,-0.0502428000000492,6408.59985684852
261.1,31.5590403599999,-0.0531036000000142,6411.75547569852
261.2,31.5533366399999,-0.0570371999999182,6414.91049914453
261.3,31.5471322799999,-0.0620436000000809,6418.06487175852
261.4,31.5403199999999,-0.0681227999999266,6421.21851218652
261.5,31.5324885599999,-0.0783144000000178,6424.37130867852
261.6,31.5234412799999,-0.090472799999965,6427.52315037853
261.7,31.5133927199999,-0.100485600000035,6430.67394788653
261.8,31.5025574399999,-0.108352800000034,6433.82363325853
261.9,31.4911499999999,-0.114074399999964,6436.97216000653
262,31.4793849599999,-0.117650400000017,6440.11950309853
262.1,31.4674768799999,-0.119080799999999,6443.26565895853
262.2,31.4556403199999,-0.118365599999976,6446.41064546653
262.3,31.4440898399999,-0.115504800000011,6449.55450195853
262.4,31.4330399999999,-0.110498399999976,6452.69726955853
262.5,31.4223119999999,-0.107280000000031,6455.83896435853
262.6,31.4115839999999,-0.107279999999967,6458.97958635853
262.7,31.4008559999999,-0.107280000000031,6462.11913555853
262.8,31.3901279999999,-0.107280000000031,6465.25761195853
262.9,31.3793999999999,-0.107279999999967,6468.39501555853
263,31.3686719999999,-0.107280000000031,6471.53134635853
263.1,31.3579439999999,-0.107279999999967,6474.66660435853
263.2,31.3472159999999,-0.107279999999967,6477.80078955853
263.3,31.3364879999999,-0.107280000000031,6480.93390195853
263.4,31.3257599999999,-0.107279999999967,6484.06592546653
263.5,31.3147101599999,-0.11049840000004,6487.19681895853
263.6,31.3031596799999,-0.115504800000011,6490.32654309853
263.7,31.2913231199999,-0.118365599999976,6493.45508000653
263.8,31.2794150399998,-0.119080800000063,6496.58243325853
263.9,31.2676499999999,-0.117650399999953,6499.70862788653
264,31.2562425599999,-0.114074399999964,6502.83371037853
264.1,31.2454072799999,-0.108352800000034,6505.95774867853
264.2,31.2353587199999,-0.100485599999971,6509.08083218653
264.3,31.2263114399999,-0.090472800000029,6512.20307175853
264.4,31.2184799999999,-0.0783143999999538,6515.32457914453
264.5,31.2116677199998,-0.0681228000000544,6518.44543569853
264.6,31.2054633599999,-0.0620435999999529,6521.56569684853
264.7,31.1997596399999,-0.0570371999999821,6524.68540729453
264.8,31.1944492799998,-0.0531036000000781,6527.80460100853
264.9,31.1894249999999,-0.0502427999999853,6530.92330123453
265,31.1845795199999,-0.0484547999999591,6534.04152048853
265.1,31.1798055599999,-0.0477395999999998,6537.15926055853
265.2,31.1749958399998,-0.0480972000000434,6540.27651250453
265.3,31.1700430799999,-0.049527599999962,6543.39325665853
265.4,31.1648399999999,-0.0520308000000113,6546.50947245853
265.5,31.1594759999999,-0.0536399999999518,6549.62515185853
265.6,31.1541119999999,-0.0536400000000157,6552.74029485853
265.7,31.1487479999999,-0.0536400000000157,6555.85490145853
265.8,31.1433839999999,-0.0536400000000157,6558.96897165853
265.9,31.1380199999999,-0.0536399999999518,6562.08250545853
266,31.1326559999999,-0.0536400000000157,6565.19550285853
266.1,31.1272919999999,-0.0536400000000157,6568.30796385853
266.2,31.1219279999999,-0.0536400000000157,6571.41988845853
266.3,31.1165639999999,-0.0536400000000157,6574.53127665853
266.4,31.1111999999999,-0.0536399999999518,6577.64213918653
266.5,31.1060505599999,-0.0514944000000099,6580.75250345853
266.6,31.1012348799999,-0.0481567999999867,6583.86239569853
266.7,31.0966099199999,-0.04624960000001,6586.97182782653
266.8,31.0920326399999,-0.045772800000016,6590.08079745853
266.9,31.0873599999999,-0.0467263999999404,6593.18928790653
267,31.0824489599999,-0.0491104000000391,6596.29726817853
267.1,31.0771564799999,-0.0529248000000564,6599.40469297853
267.2,31.0713395199999,-0.0581695999999283,6602.51150270653
267.3,31.0648550399998,-0.0648448000001024,6605.61762345853
267.4,31.0575599999999,-0.0729503999999395,6608.72289669853
267.5,31.0479047999999,-0.0965520000000027,6611.82703753853
267.6,31.0349119999998,-0.129928000000042,6614.92974797853
267.7,31.0192967999999,-0.156151999999977,6618.03080153853
267.8,31.0017743999998,-0.175224000000064,6621.13004325853
267.9,30.9830599999998,-0.187143999999917,6624.22738969853
268,30.9638687999998,-0.191912000000053,6627.32282893853
268.1,30.9449159999998,-0.18952800000008,6630.41642057853
268.2,30.9269167999998,-0.179991999999942,6633.50829573853
268.3,30.9105863999998,-0.163304000000018,6636.59865705853
268.4,30.8966399999998,-0.139463999999926,6639.68771224453
268.5,30.8844637199998,-0.121762800000006,6642.77558019853
268.6,30.8728953599998,-0.115683600000032,6645.86231634853
268.7,30.8618276399998,-0.110677199999998,6648.94796539453
268.8,30.8511532799998,-0.10674360000003,6652.03256130853
268.9,30.8407649999998,-0.103882799999937,6655.11612733453
269,30.8305555199999,-0.102094799999975,6658.19867598853
269.1,30.8204175599998,-0.10137960000008,6661.28020905853
269.2,30.8102438399998,-0.101737199999995,6664.36071760453
269.3,30.7999270799998,-0.103167599999978,6667.44018195853
269.4,30.7893599999998,-0.105670799999963,6670.51856546653
269.5,30.7783101599998,-0.11049840000004,6673.59581895853
269.6,30.7667596799998,-0.115504800000011,6676.67190309853
269.7,30.7549231199998,-0.118365599999976,6679.74680000653
269.8,30.7430150399998,-0.119080799999999,6682.82051325853
269.9,30.7312499999998,-0.117650400000017,6685.89306788653
270,30.7198425599998,-0.114074399999964,6688.96451037853
270.1,30.7090072799998,-0.108352800000034,6692.03490867853
270.2,30.6989587199998,-0.100485599999971,6695.10435218653
270.3,30.6899114399998,-0.090472800000029,6698.17295175853
270.4,30.6820799999998,-0.0783143999999538,6701.24081914453
270.5,30.6752677199998,-0.0681227999999905,6704.30803569853
270.6,30.6690633599998,-0.0620436000000168,6707.37465684853
270.7,30.6633596399998,-0.0570371999999821,6710.44072729453
270.8,30.6580492799998,-0.0531036000000142,6713.50628100853
270.9,30.6530249999998,-0.0502427999999853,6716.57134123452
271,30.6481795199998,-0.0484548000000232,6719.63592048852
271.1,30.6434055599998,-0.0477395999999998,6722.70002055852
271.2,30.6385958399998,-0.0480971999999795,6725.76363250452
271.3,30.6336430799998,-0.049527600000026,6728.82673665852
271.4,30.6284399999998,-0.0520307999999474,6731.88930280332
271.5,30.6228828959998,-0.0555710399999825,6734.95129821852
271.6,30.6170254079998,-0.058574880000016,6738.01269930252
271.7,30.6109962719998,-0.0602913600000079,6741.07349532732
271.8,30.6049242239998,-0.0607204800000218,6744.13368843852
271.9,30.5989379999998,-0.05986223999993,6747.19329365532
272,30.5931663359998,-0.0577166400000522,6750.25233887052
272.1,30.5877379679998,-0.0542836800000686,6753.31086485052
272.2,30.5827816319998,-0.0495633599999791,6756.36892523532
272.3,30.5784260639998,-0.0435556800000398,6759.42658653852
272.4,30.5747999999998,-0.0362606399999307,6762.48394826232
272.5,30.5724344759998,-0.023655240000025,6765.54114692052
272.6,30.5715386879998,-0.00895787999994724,6768.59831178552
272.7,30.5717586119998,0.00219923999996751,6771.65553672732
272.8,30.5727402239998,0.00981611999997511,6774.71288021352
272.9,30.5741294999998,0.0138927600000116,6777.77036530932
273,30.5755724159998,0.0144291600000131,6780.82797967752
273.1,30.5767149479998,0.0114253199999794,6783.88567557852
273.2,30.5772030719998,0.00488124000003865,6786.94336987032
273.3,30.5766827639998,-0.00520308000006509,6790.00094400852
273.4,30.5747999999998,-0.0188276399999482,6793.05824029152
273.5,30.5711256599998,-0.0367433999999705,6796.11508599852
273.6,30.5657884799998,-0.0533718000000149,6799.17133898352
273.7,30.5592712199998,-0.0651726000000466,6802.22690537652
273.8,30.5520566399998,-0.0721458000000013,6805.28173958352
273.9,30.5446274999998,-0.074291400000007,6808.33584428652
274,30.5374665599998,-0.0716093999999998,6811.38927044352
274.1,30.5310565799998,-0.0640997999999797,6814.44211728852
274.2,30.5258803199998,-0.0517626000000106,6817.49453233152
274.3,30.5224205399998,-0.0345977999999647,6820.54671135852
274.4,30.5211599999998,-0.0126054000000337,6823.59882735852
274.5,30.5211599999998,0,6826.65094335852
274.6,30.5211599999998,0,6829.70305935852
274.7,30.5211599999998,0,6832.75517535852
274.8,30.5211599999998,-6.3948846218409e-14,6835.80729135852
274.9,30.5211599999998,6.3948846218409e-14,6838.85940735852
275,30.5211599999998,0,6841.91152335852
275.1,30.5211599999998,0,6844.96363935852
275.2,30.5211599999998,0,6848.01575535852
275.3,30.5211599999998,0,6851.06787135853
275.4,30.5211599999998,0,6854.11998735853
275.5,30.5211599999998,0,6857.17210335853
275.6,30.5211599999998,0,6860.22421935853
275.7,30.5211599999998,0,6863.27633535853
275.8,30.5211599999998,-6.3948846218409e-14,6866.32845135853
275.9,30.5211599999998,6.3948846218409e-14,6869.38056735853
276,30.5211599999998,0,6872.43268335853
276.1,30.5211599999998,0,6875.48479935853
276.2,30.5211599999998,0,6878.53691535853
276.3,30.5211599999998,0,6881.58903135853
276.4,30.5211599999998,0,6884.64122245453
276.5,30.5226619199998,0.0150191999999763,6887.69369247853
276.6,30.5267385599998,0.0407664000000452,6890.74666671853
276.7,30.5327462399998,0.060076799999969,6893.80030609453
276.8,30.5400412799998,0.0729504000000034,6896.85470715853
276.9,30.5479799999998,0.0793872000000207,6899.90990209453
277,30.5559187199998,0.0793872000000207,6902.96585871853
277.1,30.5632137599998,0.0729504000000034,6906.02248047853
277.2,30.5692214399998,0.060076799999969,6909.07960645453
277.3,30.5732980799998,0.0407663999999813,6912.13701135853
277.4,30.5747999999998,0.0150192000000402,6915.19449135853
277.5,30.5747999999998,0,6918.25197135853
277.6,30.5747999999998,0,6921.30945135853
277.7,30.5747999999998,0,6924.36693135853
277.8,30.5747999999998,0,6927.42441135853
277.9,30.5747999999998,0,6930.48189135853
278,30.5747999999998,0,6933.53937135853
278.1,30.5747999999998,0,6936.59685135853
278.2,30.5747999999998,0,6939.65433135853
278.3,30.5747999999998,0,6942.71181135853
278.4,30.5747999999998,0,6945.76929135853
278.5,30.5747999999998,0,6948.82677135853
278.6,30.5747999999998,0,6951.88425135853
278.7,30.5747999999998,0,6954.94173135853
278.8,30.5747999999998,0,6957.99921135853
278.9,30.5747999999998,0,6961.05669135853
279,30.5747999999998,0,6964.11417135853
279.1,30.5747999999998,0,6967.17165135853
279.2,30.5747999999998,0,6970.22913135852
279.3,30.5747999999998,0,6973.28661135852
279.4,30.5747999999998,0,6976.34409135852
279.5,30.5747999999998,0,6979.40157135852
279.6,30.5747999999998,0,6982.45905135852
279.7,30.5747999999998,0,6985.51653135852
279.8,30.5747999999998,0,6988.57401135852
279.9,30.5747999999998,0,6991.63149135852
280,30.5747999999998,0,6994.68897135852
280.1,30.5747999999998,0,6997.74645135852
280.2,30.5747999999998,0,7000.80393135852
280.3,30.5747999999998,0,7003.86141135852
280.4,30.5747999999998,0,7006.91889135852
280.5,30.5747999999998,0,7009.97637135852
280.6,30.5747999999998,0,7013.03385135852
280.7,30.5747999999998,0,7016.09133135852
280.8,30.5747999999998,0,7019.14881135852
280.9,30.5747999999998,0,7022.20629135852
281,30.5747999999998,0,7025.26377135852
281.1,30.5747999999998,0,7028.32125135851
281.2,30.5747999999998,0,7031.37873135851
281.3,30.5747999999998,0,7034.43621135851
281.4,30.5747999999998,0,7037.49369135851
281.5,30.5747999999998,0,7040.55117135851
281.6,30.5747999999998,0,7043.60865135851
281.7,30.5747999999998,0,7046.66613135851
281.8,30.5747999999998,0,7049.72361135851
281.9,30.5747999999998,0,7052.78109135851
282,30.5747999999998,0,7055.83857135851
282.1,30.5747999999998,0,7058.89605135851
282.2,30.5747999999998,0,7061.95353135851
282.3,30.5747999999998,0,7065.01101135851
282.4,30.5747999999998,0,7068.06849135851
282.5,30.5747999999998,0,7071.12597135851
282.6,30.5747999999998,0,7074.18345135851
282.7,30.5747999999998,0,7077.24093135851
282.8,30.5747999999998,0,7080.29841135851
282.9,30.5747999999998,0,7083.35589135851
283,30.5747999999998,0,7086.41337135851
283.1,30.5747999999998,0,7089.4708513585
283.2,30.5747999999998,0,7092.5283313585
283.3,30.5747999999998,0,7095.5858113585
283.4,30.5747999999998,0,7098.6432913585
283.5,30.5747999999998,0,7101.7007713585
283.6,30.5747999999998,0,7104.7582513585
283.7,30.5747999999998,0,7107.8157313585
283.8,30.5747999999998,0,7110.8732113585
283.9,30.5747999999998,0,7113.9306913585
284,30.5747999999998,0,7116.9881713585
284.1,30.5747999999998,0,7120.0456513585
284.2,30.5747999999998,0,7123.1031313585
284.3,30.5747999999998,0,7126.1606113585
284.4,30.5747999999998,0,7129.2180913585
284.5,30.5747999999998,0,7132.2755713585
284.6,30.5747999999998,0,7135.3330513585
284.7,30.5747999999998,0,7138.3905313585
284.8,30.5747999999998,0,7141.4480113585
284.9,30.5747999999998,0,7144.5054913585
285,30.5747999999998,0,7147.56297135849
285.1,30.5747999999998,0,7150.62045135849
285.2,30.5747999999998,0,7153.67793135849
285.3,30.5747999999998,0,7156.73541135849
285.4,30.5747999999998,0,7159.79284040049
285.5,30.5737808399998,-0.0101915999999633,7162.85007633849
285.6,30.5709379199998,-0.0284292000000121,7165.90695288849
285.7,30.5665930799998,-0.0434484000000524,7168.96333595049
285.8,30.5610681599998,-0.05524920000002,7172.01912360849
285.9,30.5546849999998,-0.063831599999915,7175.07424613049
286,30.5477654399998,-0.0691956000000572,7178.12866596849
286.1,30.5406313199998,-0.071341200000063,7181.18237775849
286.2,30.5336044799998,-0.0702683999999323,7184.23540832049
286.3,30.5270067599998,-0.0659771999999847,7187.28781665849
286.4,30.5211599999998,-0.0584676000000286,7190.33967652749
286.5,30.5160373799998,-0.0512262000000092,7193.39104290849
286.6,30.5112902399998,-0.0474713999999991,7196.44194530349
286.7,30.5067576599998,-0.0453257999999933,7199.49239712249
286.8,30.5022787199998,-0.044789400000056,7202.54239568349
286.9,30.4976924999998,-0.0458621999999309,7205.59192221249
287,30.4928380799998,-0.0485442000000661,7208.64094184349
287.1,30.4875545399998,-0.0528354000000135,7211.68940361849
287.2,30.4816809599998,-0.0587357999999654,7214.73724048749
287.3,30.4750564199998,-0.0662453999999854,7217.78436930849
287.4,30.4675199999998,-0.0753642000000099,7220.83064257149
287.5,30.4579452599998,-0.0957474000000006,7223.87582157849
287.6,30.4456348799998,-0.123103800000074,7226.91965690349
287.7,30.4310716199998,-0.145632599999942,7229.96194739649
287.8,30.4147382399998,-0.163333800000053,7233.00254018349
287.9,30.3971174999998,-0.176207399999896,7236.04133066649
288,30.3786921599998,-0.184253400000045,7239.07826252349
288.1,30.3599449799998,-0.187471800000054,7242.11332770849
288.2,30.3413587199998,-0.185862599999923,7245.14656645149
288.3,30.3234161399998,-0.179425800000033,7248.17806725849
288.4,30.3065999999998,-0.168161399999938,7251.20791058949
288.5,30.2902666199998,-0.163333800000053,7254.23610180849
288.6,30.2735577599998,-0.1670886,7257.26261141349
288.7,30.2566343399998,-0.169234199999941,7260.28742599449
288.8,30.2396572799998,-0.169770600000071,7263.31054823349
288.9,30.2227874999998,-0.168697799999876,7266.33199690449
289,30.2061859199998,-0.166015800000061,7269.35180687349
289.1,30.1900134599998,-0.161724600000049,7272.37002909849
289.2,30.1744310399998,-0.155824199999905,7275.38673062949
289.3,30.1595995799998,-0.148314600000077,7278.40199460849
289.4,30.1456799999998,-0.139195799999925,7281.41586931149
289.5,30.1318140599998,-0.138659399999987,7284.42832791849
289.6,30.1173580799998,-0.144559800000067,7287.43933556349
289.7,30.1027948199998,-0.145632600000006,7290.44890565649
289.8,30.0886070399998,-0.141877799999996,7293.45709988349
289.9,30.0752774999998,-0.133295399999973,7296.46402820649
290,30.0632889599998,-0.119885400000065,7299.46984886349
290.1,30.0531241799998,-0.101647800000016,7302.47476836849
290.2,30.0452659199998,-0.0785825999999545,7305.47904151149
290.3,30.0401969399998,-0.0506898000000077,7308.48297135849
290.4,30.0383999999998,-0.0179693999999841,7311.48681135849
290.5,30.0383999999998,6.3948846218409e-14,7314.49065135849
290.6,30.0383999999998,-6.3948846218409e-14,7317.49449135849
290.7,30.0383999999998,0,7320.49833135849
290.8,30.0383999999998,0,7323.50217135849
290.9,30.0383999999998,0,7326.50601135849
291,30.0383999999998,0,7329.50985135849
291.1,30.0383999999998,0,7332.51369135849
291.2,30.0383999999998,0,7335.51753135849
291.3,30.0383999999998,-6.3948846218409e-14,7338.52137135849
291.4,30.0383999999998,6.3948846218409e-14,7341.52521135848
291.5,30.0383999999998,6.3948846218409e-14,7344.52905135848
291.6,30.0383999999998,-6.3948846218409e-14,7347.53289135848
291.7,30.0383999999998,0,7350.53673135848
291.8,30.0383999999998,0,7353.54057135848
291.9,30.0383999999998,0,7356.54441135848
292,30.0383999999998,0,7359.54825135848
292.1,30.0383999999998,0,7362.55209135848
292.2,30.0383999999998,0,7365.55593135848
292.3,30.0383999999998,0,7368.55977135848
292.4,30.0383999999998,0,7371.56364622448
292.5,30.0390973199998,0.00697319999995471,7374.56765697848
292.6,30.0411177599998,0.0202044000000328,7377.57193056848
292.7,30.0443540399998,0.03236279999998,7380.57658321448
292.8,30.0486988799998,0.0434484000000524,7383.58172040848
292.9,30.0540449999998,0.0534611999999939,7386.58743691448
293,30.0602851199998,0.0624011999999965,7389.59381676848
293.1,30.0673119599998,0.0702683999999962,7392.60093327848
293.2,30.0750182399998,0.077062799999993,7395.60884902448
293.3,30.0832966799998,0.0827843999999872,7398.61761585848
293.4,30.0920399999998,0.0874332000000421,7401.62733480248
293.5,30.1023388799998,0.102988799999956,7404.63820521848
293.6,30.1150694399998,0.127305600000042,7407.65044881848
293.7,30.1298025599998,0.147331199999925,7410.66424440248
293.8,30.1461091199998,0.163065599999989,7413.67972785848
293.9,30.1635599999998,0.174508800000105,7416.69699216248
294,30.1817260799998,0.181660799999889,7419.71608737848
294.1,30.2001782399998,0.184521600000047,7422.73702065848
294.2,30.2184873599998,0.183091199999872,7425.75975624248
294.3,30.2362243199998,0.177369600000134,7428.78421545848
294.4,30.2529599999998,0.1673568,7431.81033054128
294.5,30.2693416559998,0.163816559999965,7434.83810631848
294.6,30.2861738879998,0.168322320000016,7437.86757819248
294.7,30.3032635919998,0.170897039999971,7440.89876225528
294.8,30.3204176639998,0.171540720000088,7443.93165528848
294.9,30.3374429999998,0.170253359999983,7446.96623476328
295,30.3541464959998,0.167034960000038,7450.00245884048
295.1,30.3703350479998,0.161885519999998,7453.04026637048
295.2,30.3858155519998,0.154805039999992,7456.07957689328
295.3,30.4003949039998,0.145793520000019,7459.12029063848
295.4,30.4138799999998,0.134850960000016,7462.16230193528
295.5,30.4263459359998,0.124659359999988,7465.20552335048
295.6,30.4380823679998,0.117364319999943,7468.24988837048
295.7,30.4492180319998,0.111356640000004,7471.29534335528
295.8,30.4598816639998,0.106636320000042,7474.34184753848
295.9,30.4702019999998,0.103203359999995,7477.38937302728
296,30.4803077759998,0.101057759999925,7480.43790480248
296.1,30.4903277279998,0.100199520000025,7483.48744071848
296.2,30.5003905919998,0.100628639999975,7486.53799150328
296.3,30.5106251039998,0.102345119999967,7489.58958075848
296.4,30.5211599999998,0.105348960000065,7492.64223315848
296.5,30.5318879999998,0.107279999999967,7495.69595835848
296.6,30.5426159999998,0.107280000000031,7498.75075635847
296.7,30.5533439999998,0.107279999999967,7501.80662715848
296.8,30.5640719999998,0.107280000000031,7504.86357075848
296.9,30.5747999999998,0.107280000000031,7507.92158715848
297,30.5855279999998,0.107279999999967,7510.98067635848
297.1,30.5962559999998,0.107280000000031,7514.04083835848
297.2,30.6069839999998,0.107279999999967,7517.10207315848
297.3,30.6177119999998,0.107279999999967,7520.16438075848
297.4,30.6284399999999,0.107280000000095,7523.22777495162
297.5,30.639443862857,0.110038628571367,7526.29229098705
297.6,30.6508768457141,0.114329828571442,7529.35796258133
297.7,30.6625550399998,0.116781942857145,7532.42480506019
297.8,30.6742945371427,0.117394971428602,7535.49281535848
297.9,30.6859114285713,0.116168914285687,7538.56197202019
298,30.6972218057141,0.113103771428527,7541.63223519848
298.1,30.7080417599998,0.108199542857186,7544.70354665562
298.2,30.718187382857,0.101456228571344,7547.77582976305
298.3,30.7274747657141,0.0928738285714487,7550.84898950133
298.4,30.7357199999998,0.0824523428571808,7553.92293377687
298.5,30.7431655106492,0.0744551064934882,7556.99760059016
298.6,30.7501707553245,0.0700524467532232,7560.07294549666
298.7,30.7567273745453,0.0655661922078323,7563.14892321583
298.8,30.762827008831,0.0609963428571233,7566.2254876312
298.9,30.7684612987011,0.0563428987012885,7569.30259179037
299,30.7736218846752,0.0516058597402634,7572.38018790497
299.1,30.7783004072726,0.0467852259740483,7575.45822735068
299.2,30.7824885070128,0.041880997402643,7578.53666066726
299.3,30.7861778244154,0.0368931740259839,7581.61543755848
299.4,30.7893599999998,0.0318217558441347,7584.69451274383
299.5,30.7921437070128,0.02783707012982,7587.77384874497
299.6,30.794576315844,0.0243260883117103,7590.8534054364
299.7,30.7965575127271,0.019811968831192,7593.93313266123
299.8,30.797986983896,0.0142947116883292,7597.01297023121
299.9,30.7987644155843,0.00777431688305796,7600.09284792669
300,30.7987894940258,0.000250784415634086,7603.17268549666
300.1,30.7979619054544,-0.0082758857142622,7606.25239265874
300.2,30.7961813361037,-0.017805693506503,7609.33186909915
300.3,30.7933474722076,-0.0283386389610244,7612.41100447277
300.4,30.7893599999998,-0.039874722077954,7615.48965234934
300.5,30.7835975314284,-0.0576246857142663,7618.5676197642
300.6,30.7757507657141,-0.0784676571428662,7621.64471667848
300.7,30.7661875199999,-0.0956324571427843,7624.72078983505
300.8,30.7552756114284,-0.10911908571434,7627.79572275848
300.9,30.7433828571427,-0.118927542857151,7630.86943575505
301,30.7308770742856,-0.125057828571407,7633.94188591277
301.1,30.7181260799998,-0.127509942857174,7637.01306710134
301.2,30.7054976914284,-0.126283885714194,7640.0830099722
301.3,30.6933597257141,-0.121379657142917,7643.15178195848
301.4,30.6820799999998,-0.112797257142894,7646.21944551248
301.5,30.6711910799999,-0.108889199999972,7649.28600765848
301.6,30.6600518399999,-0.111392400000021,7652.35144872848
301.7,30.6487695599999,-0.11282279999994,7655.41575978248
301.8,30.6374515199999,-0.113180400000047,7658.47894260848
301.9,30.6262049999998,-0.112465200000024,7661.54100972248
302,30.6151372799999,-0.110677199999934,7664.60198436848
302.1,30.6043556399999,-0.107816400000033,7667.66190051848
302.2,30.5939673599999,-0.103882800000001,7670.72080287248
302.3,30.5840797199999,-0.0988763999999663,7673.77874685848
302.4,30.5747999999999,-0.0927972000000565,7676.83583577412
302.5,30.5669783127271,-0.078216872727296,7679.89223744757
302.6,30.5610551563635,-0.0592315636363807,7682.94811637484
302.7,30.5565233890908,-0.0453176727272507,7686.00358633775
302.8,30.5528758690908,-0.0364751999999698,7689.05871040394
302.9,30.5496054545453,-0.032704145454602,7692.11350092684
303,30.5462050036362,-0.0340045090908916,7695.16791954575
303.1,30.5421673745453,-0.0403762909090943,7698.22187718575
303.2,30.5369854254544,-0.0518194909090823,7701.27523405775
303.3,30.5301520145453,-0.0683341090908556,7704.32779965848
303.4,30.5211599999998,-0.089920145454606,7707.37934804975
303.5,30.5098078254544,-0.113521745454477,7710.42966174575
303.6,30.4964660945453,-0.133417309090923,7713.47855934575
303.7,30.4814859054544,-0.149801890909067,7716.52589455884
303.8,30.4652183563635,-0.162675490909102,7719.57155620393
303.9,30.4480145454544,-0.172038109090963,7722.61546820975
304,30.4302255709089,-0.177889745454522,7725.65758961484
304.1,30.4122025309089,-0.180230399999971,7728.69791456757
304.2,30.3942965236362,-0.179060072727246,7731.73647232612
304.3,30.3768586472726,-0.174378763636348,7734.77332725848
304.4,30.3602399999999,-0.16618647272734,7737.80853813918
304.5,30.3439776141175,-0.162623858823487,7740.84210952907
304.6,30.3274501835293,-0.16527430588237,7743.87402060319
304.7,30.3107712988234,-0.166788847058747,7746.90426189566
304.8,30.2940545505881,-0.167167482353001,7749.93283529966
304.9,30.2774135294116,-0.166410211764749,7752.95975406742
305,30.2609618258822,-0.164517035294054,7755.98504281024
305.1,30.2448130305881,-0.161487952941236,7759.00873749848
305.2,30.2290807341175,-0.157322964705848,7762.03088546154
305.3,30.2138785270587,-0.152022070588274,7765.05154538789
305.4,30.1993199999999,-0.145585270588256,7768.07073543262
305.5,30.1844808944795,-0.148391055203525,7771.08839948002
305.6,30.1688000535745,-0.156808409049845,7774.1044862687
305.7,30.1529357201809,-0.158643333936631,7777.11901036157
305.8,30.1375461371944,-0.153895829864268,7780.13205214581
305.9,30.1232895475112,-0.142565896832565,7783.14375783289
306,30.110824194027,-0.124653534841649,7786.15433945857
306.1,30.1008083196379,-0.100158743891391,7789.16407488291
306.2,30.0939001672397,-0.0690815239819216,7792.17330779026
306.3,30.0907579797284,-0.0314218751131107,7795.18244768925
306.4,30.0920399999999,0.0128202027149129,7798.19195496156
306.5,30.0981054461537,0.0606544615384124,7801.20227921232
306.6,30.1083795692306,0.10274123076924,7804.21380417386
306.7,30.1221196615383,0.137400923076868,7807.22683930771
306.8,30.1385830153845,0.164633538461551,7810.24161980463
306.9,30.1570269230768,0.184439076923162,7813.25830658463
307,30.1767086769229,0.196817538461445,7816.27698629694
307.1,30.1968855692306,0.201768923076977,7819.29767132002
307.2,30.2168148923075,0.199293230769115,7822.32029976156
307.3,30.2357539384614,0.189390461538566,7825.34473545848
307.4,30.2529599999999,0.172060615384623,7828.37082571362
307.5,30.268845102857,0.158851028571369,7831.39848838705
307.6,30.2844083657141,0.155632628571489,7834.42769819134
307.7,30.2997877199999,0.153793542857116,7837.4584436322
307.8,30.3151210971427,0.153333771428635,7840.49072700848
307.9,30.3305464285713,0.154253314285661,7843.5245644122
308,30.3462016457141,0.156552171428579,7846.55998572848
308.1,30.3622246799999,0.160230342857197,7849.59703463563
308.2,30.378753462857,0.165287828571387,7852.63576860505
308.3,30.3959259257141,0.171724628571468,7855.67625890134
308.4,30.4138799999999,0.179540742857185,7858.71859556305
308.5,30.4328532342856,0.189732342857085,7861.76288165563
308.6,30.4528686171427,0.20015382857148,7864.80921219848
308.7,30.4737422399999,0.208736228571311,7867.8576638202
308.8,30.4952901942856,0.215479542857281,7870.90829475848
308.9,30.5173285714284,0.220383771428558,7873.9611448602
309,30.539673462857,0.223448914285655,7877.01623558134
309.1,30.5621409599999,0.22467497142857,7880.07356998705
309.2,30.5845471542856,0.224061942857112,7883.13313275163
309.3,30.6067081371427,0.221609828571473,7886.19489015848
309.4,30.6284399999999,0.217318628571462,7889.25881983208
309.5,30.6501534719999,0.21713471999989,7892.32494087848
309.6,30.6722674559999,0.221139840000085,7895.39328476648
309.7,30.6946103039999,0.223428479999904,7898.46386580008
309.8,30.7170103679999,0.224000640000113,7901.53668111848
309.9,30.7392959999999,0.222856320000013,7904.61171069608
310,30.7612955519999,0.21999551999992,7907.68891734248
310.1,30.7828373759999,0.215418240000027,7910.76824670248
310.2,30.8037498239999,0.20912447999995,7913.84962725608
310.3,30.8238612479999,0.20111424000001,7916.93297031848
310.4,30.8429999999999,0.191387520000077,7920.01819078088
310.5,30.8614092479999,0.184092479999905,7923.10523214248
310.6,30.8794179839999,0.180087360000095,7926.19405220648
310.7,30.8969832959999,0.17565311999995,7929.28460448488
310.8,30.9140622719999,0.170789760000048,7932.37683819848
310.9,30.9306119999999,0.16549727999994,7935.47069827688
311,30.9465895679998,0.159775679999946,7938.56612535848
311.1,30.9619520639999,0.153624960000066,7941.66305579048
311.2,30.9766565759998,0.147045119999916,7944.76142162888
311.3,30.9906601919999,0.140036160000072,7947.86115063848
311.4,31.0039199999999,0.132598080000022,7950.96221421128
311.5,31.0173514559999,0.134314560000014,7954.06465955048
311.6,31.0315553279999,0.142038720000009,7957.16853815048
311.7,31.0460166719999,0.144613439999965,7960.27385001128
311.8,31.0602205439999,0.142038720000073,7963.38054363848
311.9,31.0736519999999,0.13431455999995,7966.48851604328
312,31.0857960959999,0.121440960000044,7969.59761274248
312.1,31.0961378879999,0.10341791999997,7972.70762775848
312.2,31.1041624319999,0.0802454399999845,7975.81830361928
312.3,31.1093547839999,0.0519235200000239,7978.92933135848
312.4,31.1111999999999,0.0184521600000238,7982.04045135848
312.5,31.1111999999999,0,7985.15157135848
312.6,31.1111999999999,0,7988.26269135848
312.7,31.1111999999999,0,7991.37381135848
312.8,31.1111999999999,6.3948846218409e-14,7994.48493135848
312.9,31.1111999999999,-6.3948846218409e-14,7997.59605135848
313,31.1111999999999,0,8000.70717135848
313.1,31.1111999999999,0,8003.81829135848
313.2,31.1111999999999,0,8006.92941135848
313.3,31.1111999999999,0,8010.04053135848
313.4,31.1111999999999,0,8013.15165135848
313.5,31.1111999999999,0,8016.26277135848
313.6,31.1111999999999,0,8019.37389135848
313.7,31.1111999999999,0,8022.48501135848
313.8,31.1111999999999,6.3948846218409e-14,8025.59613135848
313.9,31.1111999999999,-6.3948846218409e-14,8028.70725135848
314,31.1111999999999,0,8031.81837135847
314.1,31.1111999999999,0,8034.92949135847
314.2,31.1111999999999,0,8038.04061135847
314.3,31.1111999999999,0,8041.15173135847
314.4,31.1111999999999,0,8044.26285135847
314.5,31.1111999999999,0,8047.37397135847
314.6,31.1111999999999,0,8050.48509135847
314.7,31.1111999999999,0,8053.59621135847
314.8,31.1111999999999,6.3948846218409e-14,8056.70733135847
314.9,31.1111999999999,-6.3948846218409e-14,8059.81845135847
315,31.1111999999999,0,8062.92957135847
315.1,31.1111999999999,0,8066.04069135847
315.2,31.1111999999999,0,8069.15181135847
315.3,31.1111999999999,0,8072.26293135847
315.4,31.1111999999999,0,8075.37405135847
315.5,31.1111999999999,0,8078.48517135847
315.6,31.1111999999999,0,8081.59629135847
315.7,31.1111999999999,0,8084.70741135847
315.8,31.1111999999999,6.3948846218409e-14,8087.81853135847
315.9,31.1111999999999,-6.3948846218409e-14,8090.92965135847
316,31.1111999999999,0,8094.04077135847
316.1,31.1111999999999,0,8097.15189135847
316.2,31.1111999999999,0,8100.26301135847
316.3,31.1111999999999,0,8103.37413135847
316.4,31.1111999999999,0,8106.48525135846
316.5,31.1111999999999,0,8109.59637135846
316.6,31.1111999999999,0,8112.70749135846
316.7,31.1111999999999,0,8115.81861135846
316.8,31.1111999999999,6.3948846218409e-14,8118.92973135846
316.9,31.1111999999999,-6.3948846218409e-14,8122.04085135846
317,31.1111999999999,0,8125.15197135846
317.1,31.1111999999999,0,8128.26309135846
317.2,31.1111999999999,0,8131.37421135846
317.3,31.1111999999999,0,8134.48533135846
317.4,31.1111999999999,0,8137.59640040046
317.5,31.1101808399999,-0.0101916000000273,8140.70727633846
317.6,31.1073379199999,-0.0284292000000121,8143.81779288846
317.7,31.1029930799999,-0.0434483999999244,8146.92781595046
317.8,31.0974681599999,-0.05524920000002,8150.03724360846
317.9,31.0910849999999,-0.0638315999999789,8153.14600613046
318,31.0841654399999,-0.0691955999999933,8156.25406596846
318.1,31.0770313199999,-0.0713411999999991,8159.36141775846
318.2,31.0700044799999,-0.0702684000000601,8162.46808832046
318.3,31.0634067599999,-0.0659772000000488,8165.57413665846
318.4,31.0575599999999,-0.0584675999999647,8168.67962445846
318.5,31.0521959999999,-0.0536400000000157,8171.78457585846
318.6,31.0468319999999,-0.0536399999999518,8174.88899085846
318.7,31.0414679999999,-0.0536400000000157,8177.99286945846
318.8,31.0361039999999,-0.0536400000000157,8181.09621165846
318.9,31.0307399999999,-0.0536400000000157,8184.19901745846
319,31.0253759999999,-0.0536400000000157,8187.30128685846
319.1,31.0200119999999,-0.0536400000000157,8190.40301985846
319.2,31.0146479999999,-0.0536399999999518,8193.50421645846
319.3,31.0092839999999,-0.0536400000000157,8196.60487665846
319.4,31.0039199999999,-0.0536400000000157,8199.70499080326
319.5,30.9983628959999,-0.0555710399999825,8202.80453421846
319.6,30.9925054079999,-0.058574880000016,8205.90348330246
319.7,30.9864762719999,-0.060291359999944,8209.00182732726
319.8,30.9804042239999,-0.0607204800000218,8212.09956843846
319.9,30.9744179999999,-0.0598622399999939,8215.19672165526
320,30.9686463359999,-0.0577166399999883,8218.29331487046
320.1,30.9632179679999,-0.0542836800000047,8221.38938885046
320.2,30.9582616319999,-0.0495633600000432,8224.48499723526
320.3,30.9539060639999,-0.0435556799999759,8227.58020653846
320.4,30.9502799999999,-0.0362606399999948,8230.67508971046
320.5,30.9473834399999,-0.0289655999999496,8233.76971541046
320.6,30.9451305599999,-0.0225288000000603,8236.86414800646
320.7,30.9435213599999,-0.0160919999999791,8239.95845186646
320.8,30.9425558399999,-0.00965519999996189,8243.05269135846
320.9,30.9422339999999,-0.00321840000000862,8246.14693085046
321,30.9425558399999,0.00321839999994467,8249.24123471046
321.1,30.9435213599999,0.00965520000002585,8252.33566730646
321.2,30.9451305599999,0.0160919999999791,8255.43029300646
321.3,30.9473834399999,0.0225287999999323,8258.52517617846
321.4,30.9502799999999,0.0289656000000776,8261.62038548166
321.5,30.9539060639999,0.0362606399999948,8264.71599386646
321.6,30.9582616319999,0.0435556799999759,8267.81206784646
321.7,30.9632179679999,0.0495633599999791,8270.90866106166
321.8,30.9686463359999,0.0542836800000686,8274.00581427846
321.9,30.9744179999999,0.0577166399999883,8277.10355538966
322,30.9804042239999,0.05986223999993,8280.20189941446
322.1,30.9864762719999,0.0607204800000218,8283.30084849846
322.2,30.9925054079999,0.060291359999944,8286.40039191366
322.3,30.9983628959999,0.0585748800000801,8289.50050605846
322.4,31.0039199999999,0.0555710399999825,8292.60116625846
322.5,31.0092839999999,0.0536400000000157,8295.70236285846
322.6,31.0146479999999,0.0536399999999518,8298.80409585846
322.7,31.0200119999999,0.0536400000000157,8301.90636525846
322.8,31.0253759999999,0.0536400000000796,8305.00917105845
322.9,31.0307399999999,0.0536399999999518,8308.11251325845
323,31.0361039999999,0.0536400000000157,8311.21639185846
323.1,31.0414679999999,0.0536399999999518,8314.32080685846
323.2,31.0468319999999,0.0536400000000157,8317.42575825846
323.3,31.0521959999999,0.0536400000000157,8320.53124605846
323.4,31.0575599999999,0.0536400000000157,8323.63727025846
323.5,31.0629239999998,0.0536399999999518,8326.74383085846
323.6,31.0682879999999,0.0536400000000796,8329.85092785846
323.7,31.0736519999999,0.0536399999999518,8332.95856125846
323.8,31.0790159999999,0.0536400000000796,8336.06673105846
323.9,31.0843799999999,0.0536399999999518,8339.17543725846
324,31.0897439999999,0.0536400000000157,8342.28467985846
324.1,31.0951079999999,0.0536400000000157,8345.39445885846
324.2,31.1004719999999,0.0536399999999518,8348.50477425846
324.3,31.1058359999999,0.0536400000000157,8351.61562605846
324.4,31.1111999999999,0.0536400000000157,8354.72700736188
324.5,31.1164260685713,0.0522606857142521,8357.83890054417
324.6,31.1214375771427,0.0501150857143102,8360.95128874703
324.7,31.1263264799999,0.048889028571395,8364.0641643076
324.8,31.1311847314284,0.0485825142857621,8367.17752875846
324.9,31.1361042857141,0.0491955428571557,8370.2913928276
325,31.1411770971427,0.0507281142856399,8373.40577643845
325.1,31.1464951199999,0.0531802285714705,8376.52070870988
325.2,31.1521503085713,0.0565518857142634,8379.63622795617
325.3,31.1582346171427,0.060843085714339,8382.75238168703
325.4,31.1648399999999,0.0660538285713771,8385.86927948131
325.5,31.1731158857141,0.0827588571428137,8388.98713257845
325.6,31.1839460571427,0.108301714285751,8392.10618108131
325.7,31.1970239999999,0.130779428571401,8395.22663444131
325.8,31.2120431999999,0.150192000000018,8398.34867145845
325.9,31.228697142857,0.166539428571412,8401.47244028131
326,31.2466793142856,0.179821714285708,8404.59805840702
326.1,31.2656831999999,0.19003885714291,8407.72561268131
326.2,31.2854022857141,0.197190857142758,8410.85515929845
326.3,31.3055300571427,0.201277714285831,8413.98672380131
326.4,31.3257599999999,0.202299428571422,8417.12041757018
326.5,31.3481153774435,0.223553774435978,8420.25653091981
326.6,31.3741516150374,0.260362375939921,8423.39538152267
326.7,31.4028604421051,0.287088270676634,8426.53718622417
326.8,31.4332335879698,0.30373145864663,8429.68206104266
326.9,31.4642627819547,0.310291939849655,8432.83002116943
327,31.4949397533833,0.306769714285644,8435.98098096868
327.1,31.5242562315788,0.293164781954978,8439.13475397755
327.2,31.5512039458645,0.269477142857021,8442.29105290612
327.3,31.5747746255638,0.235706796992603,8445.4494896374
327.4,31.5939599999999,0.19185374436089,8448.60964788362
327.5,31.6092049243061,0.152449243062115,8451.77120764807
327.6,31.6219903647845,0.127854404784763,8454.93395027719
327.7,31.6328622175118,0.108718527272693,8458.09771170699
327.8,31.6423663785645,0.0950416105264153,8461.26238246312
327.9,31.651048744019,0.0868236545453555,8464.42790766082
328,31.659455209952,0.0840646593301529,8467.59428700494
328.1,31.6681316724401,0.0867646248804234,8470.76157478994
328.2,31.6776240275597,0.0949235511961674,8473.92987989989
328.3,31.6884781713874,0.108541438277449,8477.09936580846
328.4,31.7012399999999,0.127618286124459,8480.27019614973
328.5,31.7153668254544,0.141268254545437,8483.44246187573
328.6,31.7299476945453,0.145808690909092,8486.61620806573
328.7,31.7449761054544,0.150284109090869,8489.79147914882
328.8,31.7604455563635,0.154694509090959,8492.96831890391
328.9,31.7763495454544,0.159039890909106,8496.14677045973
329,31.7926815709089,0.163320254545376,8499.32687629482
329.1,31.809435130909,0.167535600000086,8502.50867823754
329.2,31.8266037236362,0.171685927272662,8505.69221746609
329.3,31.8441808472726,0.17577123636368,8508.87753450845
329.4,31.8621599999999,0.179791527272755,8512.06474485995
329.5,31.8820470299999,0.198870299999924,8515.25408412345
329.6,31.9047382399999,0.226912100000049,8518.44578667595
329.7,31.9293128099998,0.245745699999916,8521.63999481245
329.8,31.9548499199999,0.255371100000034,8524.83675874595
329.9,31.9804287499999,0.255788300000084,8528.03603660745
330,32.0051284799998,0.246997299999875,8531.23769444595
330.1,32.0280282899999,0.228998100000047,8534.44150622845
330.2,32.0482073599999,0.201790699999961,8537.64715383995
330.3,32.0647448699998,0.165375099999999,8540.85422708345
330.4,32.0767199999999,0.119751300000097,8544.06234918052
330.5,32.0857219414284,0.0900194142856493,8547.27133258274
330.6,32.093946102857,0.0822416142857562,8550.48109893738
330.7,32.1013809899999,0.0743488714285832,8553.69156874231
330.8,32.1080151085713,0.0663411857143218,8556.90266134595
330.9,32.1138369642856,0.0582185571428439,8560.11429494731
331,32.118835062857,0.0499809857142139,8563.32638659595
331.1,32.1229979099999,0.0416284714286235,8566.53885219202
331.2,32.1263140114284,0.0331610142857528,8569.75160648623
331.3,32.128771872857,0.0245786142857297,8572.96456307988
331.4,32.1303599999999,0.0158812714285546,8576.17765468348
331.5,32.1314720721427,0.0111207214285898,8579.39085203452
331.6,32.1324749485713,0.0100287642857069,8582.6041416272
331.7,32.1333169049999,0.00841956428576651,8585.8175047833
331.8,32.1339462171427,0.00629312142857686,8589.0309176522
331.9,32.1343111607141,0.00364943571420184,8592.2443512108
332,32.1343600114284,0.000488507142833327,8595.45777126362
332.1,32.1340410449999,-0.00318966428565659,8598.67113844273
332.2,32.1333025371427,-0.00738507857145975,8601.88440820777
332.3,32.1320927635713,-0.0120977357142564,8605.09753084595
332.4,32.1303599999999,-0.0173276357143024,8608.31044476705
332.5,32.1279184221427,-0.0244157785714094,8611.52307362987
332.6,32.1246588342856,-0.0325958785714633,8614.73533879434
332.7,32.1206444549999,-0.0401437928571156,8617.94716794223
332.8,32.115938502857,-0.0470595214285582,8621.15849507719
332.9,32.1106041964284,-0.0533430642857269,8624.36926052473
333,32.1047047542856,-0.058994421428558,8627.57941093219
333.1,32.0983033949999,-0.0640135928571795,8630.7888992688
333.2,32.0914633371427,-0.0684005785713992,8633.99768482562
333.3,32.0842477992856,-0.0721553785715372,8637.20573321558
333.4,32.0767199999999,-0.0752779928570818,8640.41299295387
333.5,32.0684747657141,-0.0824523428571169,8643.6193760613
333.6,32.059187382857,-0.0928738285714487,8646.82478751844
333.7,32.0490417599999,-0.101456228571408,8650.02915069672
333.8,32.0382218057141,-0.108199542857122,8653.23240735844
333.9,32.0269114285713,-0.113103771428655,8656.43451765672
334,32.0152945371427,-0.116168914285623,8659.63546013558
334.1,32.0035550399999,-0.117394971428602,8662.83523172987
334.2,31.9918768457141,-0.116781942857145,8666.03384776529
334.3,31.980443862857,-0.114329828571442,8669.23134195844
334.4,31.9694399999999,-0.110038628571431,8672.42774955844
334.5,31.9587119999999,-0.107279999999967,8675.62308435844
334.6,31.9479839999999,-0.107280000000031,8678.81734635844
334.7,31.9372559999999,-0.107279999999967,8682.01053555844
334.8,31.9265279999999,-0.107279999999967,8685.20265195844
334.9,31.9157999999999,-0.107280000000031,8688.39369555844
335,31.9050719999999,-0.107279999999967,8691.58366635844
335.1,31.8943439999999,-0.107280000000031,8694.77256435844
335.2,31.8836159999999,-0.107279999999967,8697.96038955844
335.3,31.8728879999999,-0.107280000000031,8701.14714195844
335.4,31.8621599999999,-0.107280000000031,8704.33280546644
335.5,31.8511101599999,-0.110498399999976,8707.51733895844
335.6,31.8395596799999,-0.115504800000011,8710.70070309844
335.7,31.8277231199999,-0.118365599999976,8713.88288000644
335.8,31.8158150399999,-0.119080799999999,8717.06387325844
335.9,31.8040499999999,-0.117650400000017,8720.24370788644
336,31.7926425599999,-0.114074399999964,8723.42243037844
336.1,31.7818072799999,-0.108352800000034,8726.60010867844
336.2,31.7717587199999,-0.100485599999971,8729.77683218644
336.3,31.7627114399999,-0.090472800000029,8732.95271175844
336.4,31.7548799999999,-0.0783144000000178,8736.12785914444
336.5,31.7480677199999,-0.0681227999999266,8739.30235569844
336.6,31.7418633599999,-0.0620436000000809,8742.47625684844
336.7,31.7361596399999,-0.0570371999999821,8745.64960729444
336.8,31.7308492799999,-0.0531036000000142,8748.82244100844
336.9,31.7258249999999,-0.0502427999999853,8751.99478123444
337,31.7209795199999,-0.0484548000000232,8755.16664048844
337.1,31.7162055599998,-0.0477395999999998,8758.33802055844
337.2,31.7113958399999,-0.0480971999999795,8761.50891250444
337.3,31.7064430799999,-0.049527600000026,8764.67929665844
337.4,31.7012399999998,-0.0520308000000113,8767.84915245844
337.5,31.6958759999999,-0.0536399999999518,8771.01847185844
337.6,31.6905119999999,-0.0536400000000157,8774.18725485844
337.7,31.6851479999999,-0.0536400000000157,8777.35550145844
337.8,31.6797839999999,-0.0536400000000157,8780.52321165844
337.9,31.6744199999999,-0.0536400000000157,8783.69038545844
338,31.6690559999999,-0.0536399999999518,8786.85702285844
338.1,31.6636919999999,-0.0536400000000157,8790.02312385844
338.2,31.6583279999999,-0.0536400000000157,8793.18868845844
338.3,31.6529639999999,-0.0536400000000157,8796.35371665844
338.4,31.6475999999999,-0.0536399999999518,8799.51821535501
338.5,31.6423739314284,-0.0522606857142521,8802.68220217272
338.6,31.637362422857,-0.0501150857143102,8805.84569396987
338.7,31.6324735199999,-0.048889028571395,8809.00869840929
338.8,31.6276152685713,-0.0485825142857621,8812.17121395844
338.9,31.6226957142856,-0.0491955428570918,8815.33322988929
339,31.617622902857,-0.0507281142857679,8818.49472627844
339.1,31.6123048799999,-0.0531802285714066,8821.65567400701
339.2,31.6066496914284,-0.0565518857142634,8824.81603476072
339.3,31.600565382857,-0.060843085714339,8827.97576102986
339.4,31.5939599999999,-0.0660538285714409,8831.13475856129
339.5,31.5859906285713,-0.0796937142857175,8834.29286720129
339.6,31.5761821714284,-0.0980845714285508,8837.44992602987
339.7,31.5649943999999,-0.111877714285676,8840.60582010415
339.8,31.5528870857141,-0.121073142857156,8843.76048045844
339.9,31.5403199999999,-0.125670857142928,8846.91388410415
340,31.5277529142856,-0.125670857142737,8850.06605402986
340.1,31.5156455999999,-0.12107314285722,8853.21705920129
340.2,31.5044578285713,-0.111877714285676,8856.36701456129
340.3,31.4946493714284,-0.0980845714286147,8859.51608102987
340.4,31.4866799999999,-0.0796937142857175,8862.66441876072
340.5,31.4800746171427,-0.0660538285713771,8865.81212200701
340.6,31.4739903085713,-0.060843085714339,8868.95923827844
340.7,31.4683351199999,-0.0565518857141995,8872.10580588929
340.8,31.4630170971427,-0.0531802285714705,8875.25185395844
340.9,31.4579442857141,-0.0507281142857679,8878.39740240929
341,31.4530247314284,-0.0491955428570918,8881.54246196986
341.1,31.4481664799999,-0.0485825142856982,8884.68703417272
341.2,31.4432775771427,-0.048889028571395,8887.83111135501
341.3,31.4382660685713,-0.0501150857143741,8890.97467665843
341.4,31.4330399999999,-0.0522606857142521,8894.11771245843
341.5,31.4276759999999,-0.0536399999999518,8897.26021185843
341.6,31.4223119999999,-0.0536400000000157,8900.40217485843
341.7,31.4169479999999,-0.0536400000000157,8903.54360145843
341.8,31.4115839999999,-0.0536400000000157,8906.68449165843
341.9,31.4062199999999,-0.0536400000000157,8909.82484545843
342,31.4008559999999,-0.0536400000000157,8912.96466285843
342.1,31.3954919999999,-0.0536400000000157,8916.10394385843
342.2,31.3901279999999,-0.0536399999999518,8919.24268845843
342.3,31.3847639999999,-0.0536400000000157,8922.38089665843
342.4,31.3793999999999,-0.0536400000000157,8925.51855880323
342.5,31.3738428959999,-0.0555710399999825,8928.65565021843
342.6,31.3679854079999,-0.058574880000016,8931.79214730243
342.7,31.3619562719999,-0.060291359999944,8934.92803932723
342.8,31.3558842239999,-0.0607204800000218,8938.06332843843
342.9,31.3498979999999,-0.0598622399999939,8941.19802965524
343,31.3441263359999,-0.0577166399999883,8944.33217087044
343.1,31.3386979679999,-0.0542836800000686,8947.46579285043
343.2,31.3337416319999,-0.0495633599999152,8950.59894923523
343.3,31.3293860639999,-0.0435556799999759,8953.73170653843
343.4,31.3257599999999,-0.0362606400000587,8956.86416667603
343.5,31.3234427519999,-0.0231724799999852,8959.99647233043
343.6,31.3226703359999,-0.00772415999999509,8963.12875867443
343.7,31.3230565439999,0.00386207999999755,8966.26112226004
343.8,31.3242151679999,0.0115862399999926,8969.39362101843
343.9,31.3257599999999,0.0154483199999902,8972.52627426004
344,31.3273048319999,0.0154483200000541,8975.65906267443
344.1,31.3284634559999,0.0115862399999287,8978.79192833043
344.2,31.3288496639999,0.00386207999999755,8981.92477467603
344.3,31.3280772479999,-0.00772415999993115,8985.05746653843
344.4,31.3257599999999,-0.0231724800000493,8988.18986123523
344.5,31.3221339359999,-0.0362606399999948,8991.32185685043
344.6,31.3177783679999,-0.0435556799999759,8994.45338687043
344.7,31.3128220319999,-0.0495633599999791,8997.58439765524
344.8,31.3073936639999,-0.0542836800000686,9000.71484843843
344.9,31.3016219999999,-0.0577166400000522,9003.84471132723
345,31.2956357759999,-0.05986223999993,9006.97397130243
345.1,31.2895637279999,-0.0607204800000218,9010.10262621843
345.2,31.2835345919999,-0.0602913600000079,9013.23068680323
345.3,31.2776771039999,-0.0585748799999521,9016.35817665843
345.4,31.2721199999999,-0.0555710400000464,9019.48512045843
345.5,31.2667559999999,-0.0536400000000157,9022.61152785843
345.6,31.2613919999999,-0.0536399999999518,9025.73739885843
345.7,31.2560279999999,-0.0536400000000157,9028.86273345843
345.8,31.2506639999999,-0.0536400000000157,9031.98753165843
345.9,31.2452999999999,-0.0536400000000157,9035.11179345843
346,31.2399359999999,-0.0536399999999518,9038.23551885843
346.1,31.2345719999999,-0.0536400000000157,9041.35870785843
346.2,31.2292079999999,-0.0536399999999518,9044.48136045843
346.3,31.2238439999999,-0.0536400000000157,9047.60347665843
346.4,31.2184799999999,-0.0536400000000157,9050.72505645843
346.5,31.2131159999999,-0.0536399999999518,9053.84609985843
346.6,31.2077519999999,-0.0536400000000157,9056.96660685843
346.7,31.2023879999999,-0.0536400000000157,9060.08657745843
346.8,31.1970239999999,-0.0536400000000157,9063.20601165843
346.9,31.1916599999999,-0.0536400000000157,9066.32490945843
347,31.1862959999999,-0.0536400000000157,9069.44327085843
347.1,31.1809319999999,-0.0536400000000157,9072.56109585843
347.2,31.1755679999999,-0.0536399999999518,9075.67838445843
347.3,31.1702039999999,-0.0536400000000157,9078.79513665843
347.4,31.1648399999999,-0.0536400000000157,9081.91135245843
347.5,31.1594759999999,-0.0536399999999518,9085.02703185843
347.6,31.1541119999999,-0.0536400000000157,9088.14217485843
347.7,31.1487479999999,-0.0536399999999518,9091.25678145843
347.8,31.1433839999999,-0.0536400000000796,9094.37085165843
347.9,31.1380199999999,-0.0536399999999518,9097.48438545843
348,31.1326559999999,-0.0536400000000157,9100.59738285843
348.1,31.1272919999999,-0.0536400000000157,9103.70984385843
348.2,31.1219279999999,-0.0536399999999518,9106.82176845843
348.3,31.1165639999999,-0.0536400000000157,9109.93315665843
348.4,31.1111999999999,-0.0536400000000157,9113.04398432043
348.5,31.1053532399999,-0.0584675999999647,9116.15418975843
348.6,31.0987555199999,-0.0659772000000488,9119.26371396843
348.7,31.0917286799999,-0.0702683999999323,9122.37253013043
348.8,31.0845945599999,-0.071341200000063,9125.48064360843
348.9,31.0776749999999,-0.0691955999999933,9128.58809195043
349,31.0712918399999,-0.0638315999999789,9131.69494488843
349.1,31.0657669199999,-0.05524920000002,9134.80130433843
349.2,31.0614220799999,-0.0434483999999885,9137.90730440043
349.3,31.0585791599999,-0.0284292000000761,9141.01311135843
349.4,31.0575599999999,-0.0101915999999633,9144.11886735843
349.5,31.0575599999999,0,9147.22462335843
349.6,31.0575599999999,0,9150.33037935843
349.7,31.0575599999999,0,9153.43613535843
349.8,31.0575599999999,6.3948846218409e-14,9156.54189135843
349.9,31.0575599999999,-6.3948846218409e-14,9159.64764735844
350,31.0575599999999,0,9162.75340335844
350.1,31.0575599999999,0,9165.85915935844
350.2,31.0575599999999,0,9168.96491535844
350.3,31.0575599999999,0,9172.07067135844
350.4,31.0575599999999,0,9175.17642735844
350.5,31.0575599999999,0,9178.28218335844
350.6,31.0575599999999,0,9181.38793935844
350.7,31.0575599999999,0,9184.49369535844
350.8,31.0575599999999,6.3948846218409e-14,9187.59945135844
350.9,31.0575599999999,-6.3948846218409e-14,9190.70520735844
351,31.0575599999999,0,9193.81096335844
351.1,31.0575599999999,0,9196.91671935845
351.2,31.0575599999999,0,9200.02247535845
351.3,31.0575599999999,0,9203.12823135845
351.4,31.0575599999999,0,9206.23398735845
351.5,31.0575599999999,0,9209.33974335845
351.6,31.0575599999999,0,9212.44549935845
351.7,31.0575599999999,0,9215.55125535845
351.8,31.0575599999999,6.3948846218409e-14,9218.65701135845
351.9,31.0575599999999,-6.3948846218409e-14,9221.76276735845
352,31.0575599999999,0,9224.86852335845
352.1,31.0575599999999,0,9227.97427935845
352.2,31.0575599999999,0,9231.08003535845
352.3,31.0575599999999,0,9234.18579135846
352.4,31.0575599999999,0,9237.29154735846
352.5,31.0575599999999,0,9240.39730335846
352.6,31.0575599999999,0,9243.50305935846
352.7,31.0575599999999,0,9246.60881535846
352.8,31.0575599999999,6.3948846218409e-14,9249.71457135846
352.9,31.0575599999999,-6.3948846218409e-14,9252.82032735846
353,31.0575599999999,0,9255.92608335846
353.1,31.0575599999999,0,9259.03183935846
353.2,31.0575599999999,0,9262.13759535846
353.3,31.0575599999999,0,9265.24335135846
353.4,31.0575599999999,0,9268.34915831646
353.5,31.0585791599999,0.0101915999999633,9271.45515837846
353.6,31.0614220799999,0.0284292000000761,9274.56151782846
353.7,31.0657669199999,0.0434483999999244,9277.66837076646
353.8,31.0712918399999,0.0552492000000839,9280.77581910846
353.9,31.0776749999999,0.0638315999999789,9283.88393258646
354,31.0845945599999,0.0691955999999933,9286.99274874846
354.1,31.0917286799999,0.0713411999999991,9290.10227295846
354.2,31.0987555199999,0.0702683999999962,9293.21247839646
354.3,31.1053532399999,0.0659772000000488,9296.32330605846
354.4,31.1111999999999,0.0584675999999647,9299.43470391366
354.5,31.1167571039999,0.0555710399999825,9302.54667249846
354.6,31.1226145919999,0.058574880000016,9305.65923541446
354.7,31.1286437279999,0.060291359999944,9308.77240338966
354.8,31.1347157759999,0.0607204800000859,9311.88617427846
354.9,31.1407019999999,0.05986223999993,9315.00053306166
355,31.1464736639999,0.0577166399999883,9318.11545184646
355.1,31.1519020319999,0.0542836800000686,9321.23088986646
355.2,31.1568583679999,0.0495633599999152,9324.34679348166
355.3,31.1612139359999,0.0435556800000398,9327.46309617846
355.4,31.1648399999999,0.0362606399999948,9330.57969845467
355.5,31.1672055239999,0.0236552399999609,9333.69646379646
355.6,31.1681013119999,0.00895788000001118,9336.81326293146
355.7,31.1678813879999,-0.00219923999996751,9339.93000198966
355.8,31.1668997759999,-0.00981611999997511,9343.04662250346
355.9,31.1655104999999,-0.0138927600000116,9346.16310140766
356,31.1640675839999,-0.0144291600000131,9349.27945103946
356.1,31.1629250519999,-0.0114253199999794,9352.39571913846
356.2,31.1624369279999,-0.00488124000003865,9355.51198884666
356.3,31.1629572359999,0.00520308000006509,9358.62837870846
356.4,31.1648399999999,0.0188276399999482,9361.74504642546
356.5,31.1685143399999,0.0367433999999705,9364.86216471846
356.6,31.1738515199999,0.0533718000000149,9367.97987573346
356.7,31.1803687799999,0.0651725999999826,9371.09827334046
356.8,31.1875833599999,0.0721458000000013,9374.21740313346
356.9,31.1950124999999,0.074291400000007,9377.33726243046
357,31.2021734399999,0.0716093999999998,9380.45780027346
357.1,31.2085834199999,0.0640998000000437,9383.57891742846
357.2,31.2137596799999,0.0517626000000106,9386.70046638546
357.3,31.2172194599999,0.0345977999999647,9389.82225135846
357.4,31.2184799999999,0.0126054000000337,9392.94409935846
357.5,31.2184799999999,0,9396.06594735847
357.6,31.2184799999999,0,9399.18779535847
357.7,31.2184799999999,0,9402.30964335847
357.8,31.2184799999999,0,9405.43149135847
357.9,31.2184799999999,0,9408.55333935847
358,31.2184799999999,0,9411.67518735847
358.1,31.2184799999999,0,9414.79703535847
358.2,31.2184799999999,0,9417.91888335847
358.3,31.2184799999999,0,9421.04073135847
358.4,31.2184799999999,0,9424.16257935847
358.5,31.2184799999999,0,9427.28442735847
358.6,31.2184799999999,0,9430.40627535847
358.7,31.2184799999999,0,9433.52812335847
358.8,31.2184799999999,0,9436.64997135847
358.9,31.2184799999999,0,9439.77181935848
359,31.2184799999999,0,9442.89366735848
359.1,31.2184799999999,0,9446.01551535848
359.2,31.2184799999999,0,9449.13736335848
359.3,31.2184799999999,0,9452.25921135848
359.4,31.2184799999999,0,9455.38100840048
359.5,31.2174608399999,-0.0101915999999633,9458.50261233848
359.6,31.2146179199999,-0.0284292000000121,9461.62385688848
359.7,31.2102730799999,-0.0434483999999885,9464.74460795048
359.8,31.2047481599999,-0.05524920000002,9467.86476360848
359.9,31.1983649999999,-0.063831600000043,9470.98425413048
360,31.1914454399999,-0.0691955999999933,9474.10304196848
360.1,31.1843113199999,-0.0713411999999991,9477.22112175848
360.2,31.1772844799999,-0.0702683999999962,9480.33852032048
360.3,31.1706867599999,-0.0659771999999847,9483.45529665848
360.4,31.1648399999999,-0.0584676000000286,9486.57148832048
360.5,31.1589932399999,-0.0584675999999647,9489.68705775848
360.6,31.1523955199999,-0.0659772000000488,9492.80194596848
360.7,31.1453686799999,-0.0702683999999323,9495.91612613048
360.8,31.1382345599999,-0.0713411999999991,9499.02960360848
360.9,31.1313149999999,-0.0691956000000572,9502.14241595048
361,31.1249318399999,-0.063831599999915,9505.25463288848
361.1,31.1194069199999,-0.05524920000002,9508.36635633848
361.2,31.1150620799999,-0.0434483999999885,9511.47772040048
361.3,31.1122191599999,-0.0284292000000121,9514.58889135848
361.4,31.1111999999999,-0.0101916000000273,9517.70001135848
361.5,31.1111999999999,0,9520.81113135848
361.6,31.1111999999999,0,9523.92225135848
361.7,31.1111999999999,0,9527.03337135848
361.8,31.1111999999999,6.3948846218409e-14,9530.14449135848
361.9,31.1111999999999,-6.3948846218409e-14,9533.25561135848
362,31.1111999999999,0,9536.36673135848
362.1,31.1111999999999,0,9539.47785135848
362.2,31.1111999999999,0,9542.58897135848
362.3,31.1111999999999,0,9545.70009135848
362.4,31.1111999999999,0,9548.81121135848
362.5,31.1111999999999,0,9551.92233135848
362.6,31.1111999999999,0,9555.03345135847
362.7,31.1111999999999,0,9558.14457135847
362.8,31.1111999999999,6.3948846218409e-14,9561.25569135847
362.9,31.1111999999999,-6.3948846218409e-14,9564.36681135847
363,31.1111999999999,0,9567.47793135847
363.1,31.1111999999999,0,9570.58905135847
363.2,31.1111999999999,0,9573.70017135847
363.3,31.1111999999999,0,9576.81129135847
363.4,31.1111999999999,0,9579.92241135847
363.5,31.1111999999999,0,9583.03353135847
363.6,31.1111999999999,0,9586.14465135847
363.7,31.1111999999999,0,9589.25577135847
363.8,31.1111999999999,6.3948846218409e-14,9592.36689135847
363.9,31.1111999999999,-6.3948846218409e-14,9595.47801135847
364,31.1111999999999,0,9598.58913135847
364.1,31.1111999999999,0,9601.70025135847
364.2,31.1111999999999,0,9604.81137135847
364.3,31.1111999999999,0,9607.92249135847
364.4,31.1111999999999,0,9611.03361135847
364.5,31.1111999999999,0,9614.14473135847
364.6,31.1111999999999,0,9617.25585135847
364.7,31.1111999999999,0,9620.36697135847
364.8,31.1111999999999,6.3948846218409e-14,9623.47809135847
364.9,31.1111999999999,-6.3948846218409e-14,9626.58921135847
365,31.1111999999999,0,9629.70033135846
365.1,31.1111999999999,0,9632.81145135846
365.2,31.1111999999999,0,9635.92257135846
365.3,31.1111999999999,0,9639.03369135846
365.4,31.1111999999999,0,9642.14481135846
365.5,31.1111999999999,0,9645.25593135846
365.6,31.1111999999999,0,9648.36705135846
365.7,31.1111999999999,0,9651.47817135846
365.8,31.1111999999999,6.3948846218409e-14,9654.58929135846
365.9,31.1111999999999,-6.3948846218409e-14,9657.70041135846
366,31.1111999999999,0,9660.81153135846
366.1,31.1111999999999,0,9663.92265135846
366.2,31.1111999999999,0,9667.03377135846
366.3,31.1111999999999,0,9670.14489135846
366.4,31.1111999999999,0,9673.25594833146
366.5,31.1099394599999,-0.0126054000000337,9676.36676928846
366.6,31.1064796799999,-0.0345977999999647,9679.47715844346
366.7,31.1013034199999,-0.0517625999999467,9682.58696828646
366.8,31.0948934399999,-0.0640998000000437,9685.69609958346
366.9,31.0877324999999,-0.0716093999999998,9688.80450137646
367,31.0803033599999,-0.074291400000007,9691.91217098346
367.1,31.0730887799999,-0.0721458000000013,9695.01915399846
367.2,31.0665715199999,-0.0651725999999826,9698.12554429146
367.3,31.0612343399999,-0.0533718000000788,9701.23148400846
367.4,31.0575599999999,-0.0367433999999705,9704.33711690466
367.5,31.0550979239999,-0.0246207600000403,9707.44252665846
367.6,31.0530971519999,-0.0200077199999384,9710.54776100946
367.7,31.0515898679999,-0.015072840000002,9713.65287091566
367.8,31.0506082559999,-0.00981611999997511,9716.75791055346
367.9,31.0501844999999,-0.00423756000004972,9719.86293731766
368,31.0503507839999,0.00166284000003003,9722.96801182146
368.1,31.0511392919999,0.00788508000000832,9726.07319789646
368.2,31.0525822079999,0.0144291600000131,9729.17856259266
368.3,31.0547117159999,0.0212950799999163,9732.28417617846
368.4,31.0575599999999,0.0284828400000378,9735.39011348166
368.5,31.0611860639998,0.0362606399999307,9738.49644986646
368.6,31.0655416319999,0.0435556800001039,9741.60325184646
368.7,31.0704979679999,0.0495633599999791,9744.71057306166
368.8,31.0759263359999,0.0542836800000047,9747.81845427846
368.9,31.0816979999999,0.0577166400000522,9750.92692338966
369,31.0876842239999,0.05986223999993,9754.03599541446
369.1,31.0937562719999,0.0607204800000218,9757.14567249846
369.2,31.0997854079999,0.0602913600000079,9760.25594391366
369.3,31.1056428959999,0.058574880000016,9763.36678605846
369.4,31.1111999999999,0.0555710399999825,9766.47818391366
369.5,31.1167571039999,0.0555710399999825,9769.59015249846
369.6,31.1226145919999,0.058574880000016,9772.70271541446
369.7,31.1286437279999,0.0602913600000079,9775.81588338966
369.8,31.1347157759999,0.0607204800000218,9778.92965427846
369.9,31.1407019999999,0.05986223999993,9782.04401306166
370,31.1464736639999,0.0577166399999883,9785.15893184646
370.1,31.1519020319999,0.0542836800000686,9788.27436986646
370.2,31.1568583679999,0.0495633599999791,9791.39027348166
370.3,31.1612139359999,0.0435556799999759,9794.50657617846
370.4,31.1648399999999,0.0362606399999948,9797.62317604086
370.5,31.1671572479999,0.0231724799999852,9800.73993038646
370.6,31.1679296639999,0.00772415999999509,9803.85670404246
370.7,31.1675434559999,-0.00386207999999755,9806.97340045686
370.8,31.1663848319999,-0.0115862399999926,9810.08996169846
370.9,31.1648399999999,-0.0154483199999902,9813.20636845686
371,31.1632951679999,-0.0154483199999902,9816.32264004246
371.1,31.1621365439999,-0.0115862399999926,9819.43883438646
371.2,31.1617503359999,-0.00386207999999755,9822.55504804086
371.3,31.1625227519999,0.00772415999999509,9825.67141617846
371.4,31.1648399999999,0.0231724799999852,9828.78808148166
371.5,31.1684660639999,0.0362606399999307,9831.90514586646
371.6,31.1728216319999,0.0435556800000398,9835.02267584646
371.7,31.1777779679999,0.0495633600000432,9838.14072506166
371.8,31.1832063359999,0.0542836800000047,9841.25933427846
371.9,31.1889779999999,0.0577166399999883,9844.37853138966
372,31.1949642239999,0.0598622399999939,9847.49833141446
372.1,31.2010362719999,0.0607204800000218,9850.61873649846
372.2,31.2070654079999,0.0602913600000079,9853.73973591366
372.3,31.2129228959999,0.058574880000016,9856.86130605846
372.4,31.2184799999999,0.0555710399999825,9859.98344639646
372.5,31.2243267599999,0.0584675999999647,9863.10620895846
372.6,31.2309244799999,0.0659771999999847,9866.22965274846
372.7,31.2379513199999,0.0702684000000601,9869.35380458646
372.8,31.2450854399999,0.0713411999999991,9872.47865910846
372.9,31.2520049999999,0.0691955999999933,9875.60417876646
373,31.2583881599999,0.0638315999999789,9878.73029382846
373.1,31.2639130799999,0.05524920000002,9881.85690237846
373.2,31.2682579199999,0.0434483999999885,9884.98387031646
373.3,31.2711008399999,0.0284292000000121,9888.11103135846
373.4,31.2721199999999,0.0101915999999633,9891.23824335846
373.5,31.2721199999999,-6.3948846218409e-14,9894.36545535846
373.6,31.2721199999999,6.3948846218409e-14,9897.49266735846
373.7,31.2721199999999,0,9900.61987935846
373.8,31.2721199999999,0,9903.74709135846
373.9,31.2721199999999,0,9906.87430335846
374,31.2721199999999,0,9910.00151535846
374.1,31.2721199999999,0,9913.12872735845
374.2,31.2721199999999,0,9916.25593935845
374.3,31.2721199999999,0,9919.38315135845
374.4,31.2721199999999,0,9922.51036335845
374.5,31.2721199999999,-6.3948846218409e-14,9925.63757535845
374.6,31.2721199999999,6.3948846218409e-14,9928.76478735845
374.7,31.2721199999999,0,9931.89199935845
374.8,31.2721199999999,0,9935.01921135845
374.9,31.2721199999999,0,9938.14642335845
375,31.2721199999999,0,9941.27363535845
375.1,31.2721199999999,0,9944.40084735845
375.2,31.2721199999999,0,9947.52805935845
375.3,31.2721199999999,0,9950.65527135845
375.4,31.2721199999999,0,9953.78243240045
375.5,31.2711008399999,-0.0101916000000273,9956.90940033845
375.6,31.2682579199999,-0.0284291999999482,9960.03600888845
375.7,31.2639130799999,-0.0434483999999885,9963.16212395045
375.8,31.2583881599999,-0.05524920000002,9966.28764360845
375.9,31.2520049999999,-0.0638315999999789,9969.41249813045
376,31.2450854399999,-0.0691955999999933,9972.53664996845
376.1,31.2379513199999,-0.0713411999999991,9975.66009375845
376.2,31.2309244799999,-0.0702684000000601,9978.78285632045
376.3,31.2243267599999,-0.0659771999999847,9981.90499665845
376.4,31.2184799999999,-0.0584675999999647,9985.02657645845
376.5,31.2131159999999,-0.0536399999999518,9988.14761985845
376.6,31.2077519999999,-0.0536400000000157,9991.26812685845
376.7,31.2023879999999,-0.0536400000000157,9994.38809745845
376.8,31.1970239999999,-0.0536400000000157,9997.50753165845
376.9,31.1916599999999,-0.0536400000000157,10000.6264294584
377,31.1862959999999,-0.0536399999999518,10003.7447908584
377.1,31.1809319999999,-0.0536400000000796,10006.8626158584
377.2,31.1755679999999,-0.0536400000000157,10009.9799044584
377.3,31.1702039999999,-0.0536399999999518,10013.0966566584
377.4,31.1648399999999,-0.0536400000000157,10016.2128778224
377.5,31.1595832799999,-0.0525672000000128,10019.3285816584
377.6,31.1544934399999,-0.0508984000000013,10022.4437812784
377.7,31.1494989599999,-0.0499447999999489,10025.5584826424
377.8,31.1445283199999,-0.0497063999999839,10028.6726845584
377.9,31.1395099999999,-0.0501831999999779,10031.7863786824
378,31.1343724799999,-0.0513751999999954,10034.8995495184
378.1,31.1290442399999,-0.0532824000000361,10038.0121744184
378.2,31.1234537599999,-0.055904800000036,10041.1242235824
378.3,31.1175295199999,-0.0592423999999312,10044.2356600584
378.4,31.1111999999999,-0.0632952000000416,10047.3464212452
378.5,31.1040237342856,-0.0717626571428482,10050.4564072913
378.6,31.0956971885713,-0.0832654571428435,10053.5655099377
378.7,31.0863557399999,-0.0934144857143764,10056.673634463
378.8,31.0761347657142,-0.102209742856999,10059.7806996834
378.9,31.065169642857,-0.109651228571543,10062.886637953
379,31.0535957485713,-0.115738942857114,10065.9913951634
379.1,31.0415484599999,-0.120472885714285,10069.0949307442
379.2,31.0291631542856,-0.123853057142931,10072.1972176623
379.3,31.0165752085713,-0.125879457142794,10075.2982424227
379.4,31.0039199999999,-0.126552085714323,10078.3979788653
379.5,30.9908088514284,-0.131111485714207,10081.4963601742
379.6,30.9768173257142,-0.139915257142938,10084.5933023984
379.7,30.9620271599999,-0.147901657142889,10087.688729761
379.8,30.9465200914284,-0.155070685714186,10090.7825746584
379.9,30.9303778571427,-0.161422342857215,10093.874777661
380,30.9136821942856,-0.166956628571334,10096.9652875127
380.1,30.8965148399999,-0.171673542857185,10100.0540611313
380.2,30.8789575314284,-0.175573085714319,10103.1410636082
380.3,30.8610920057142,-0.1786552571428,10106.2262682085
380.4,30.8429999999999,-0.180920057142884,10109.3095955812
380.5,30.8235474539999,-0.194525459999951,10112.3908712835
380.6,30.8019665919999,-0.215808620000033,10115.469914042
380.7,30.7788885779999,-0.230780140000029,10118.5466056997
380.8,30.7549445759999,-0.239440019999875,10121.620891216
380.9,30.7307657499999,-0.241788260000149,10124.6927786667
381,30.7069832639999,-0.23782485999989,10127.762339244
381.1,30.6842282819999,-0.227549820000056,10130.8297072565
381.2,30.6631319679999,-0.210963140000012,10133.8950801292
381.3,30.6443254859999,-0.188064820000008,10136.9587184034
381.4,30.6284399999999,-0.158854859999984,10140.0209719612
381.5,30.6166311539999,-0.118088460000003,10143.0822514165
381.6,30.6089579519999,-0.0767320199999944,10146.1429196439
381.7,30.6044065979999,-0.0455135399999876,10149.2032381386
381.8,30.6019632959999,-0.0244330199999822,10152.2633670159
381.9,30.6006142499999,-0.0134904600000425,10155.3233650116
382,30.5993456639999,-0.0126858599999764,10158.3831894819
382.1,30.5971437419999,-0.0220192200000398,10161.4426964034
382.2,30.5929946879999,-0.0414905400000407,10164.5016403731
382.3,30.5858847059999,-0.0710998199999154,10167.5596746084
382.4,30.5747999999999,-0.110847060000047,10170.6164182922
382.5,30.5600736743999,-0.147263255999995,10173.6715690824
382.6,30.5429421311999,-0.171315431999993,10176.724903515
382.7,30.5237465207999,-0.191956104000056,10179.7762322408
382.8,30.5028279935999,-0.209185271999928,10182.8254000254
382.9,30.4805276999999,-0.223002935999993,10185.87228575
383,30.4571867903999,-0.233409095999932,10188.9168024102
383.1,30.4331464151999,-0.240403752000063,10191.9588971172
383.2,30.4087477247999,-0.243986904000067,10194.998551097
383.3,30.3843318695999,-0.244158551999881,10198.0357796904
383.4,30.3602399999999,-0.240918696000079,10201.0705179665
383.5,30.3345255203999,-0.257144795999899,10204.1025304722
383.6,30.3057245951999,-0.288009252000031,10207.1315618277
383.7,30.2749025147999,-0.308220804000079,10210.157463182
383.8,30.2431245695999,-0.317779451999919,10213.1801922129
383.9,30.2114560499999,-0.316685196000059,10216.1998131278
384,30.1809622463999,-0.304938035999924,10219.2164966625
384.1,30.1527084491999,-0.282537972000029,10222.2305200824
384.2,30.1277599487999,-0.249485004000113,10225.2422671817
384.3,30.1071820355999,-0.205779131999926,10228.2522282834
384.4,30.0920399999999,-0.151420356000038,10231.2609086229
384.5,30.0815667899999,-0.104732099999993,10234.2686806584
384.6,30.0738739199999,-0.0769287000000247,10237.2757915809
384.7,30.0683445299999,-0.0552938999999456,10240.2824268954
384.8,30.0643617599999,-0.0398277000000747,10243.2887104209
384.9,30.0613087499999,-0.0305300999999644,10246.2947042904
385,30.0585686399999,-0.0274010999999987,10249.3004089509
385.1,30.0555245699999,-0.0304407000000495,10252.3057631634
385.2,30.0515596799999,-0.039648899999925,10255.3106440029
385.3,30.0460571099999,-0.0550257000000088,10258.3148668584
385.4,30.0383999999999,-0.076571100000045,10261.3182538443
385.5,30.0293397163635,-0.090602836363658,10264.320721473
385.6,30.0200128581817,-0.0932685818181156,10267.3222411366
385.7,30.0103804145453,-0.0963244363637158,10270.3227803261
385.8,30.0004033745453,-0.0997703999999473,10273.3223026312
385.9,29.9900427272726,-0.103606472727257,10276.3207677406
386,29.979259461818,-0.107832654545454,10279.3181314421
386.1,29.9680145672726,-0.112448945454538,10282.3143456221
386.2,29.9562690327271,-0.117455345454573,10285.3093582661
386.3,29.9439838472726,-0.122851854545431,10288.3031134584
386.4,29.9311199999999,-0.128638472727303,10291.2955393541
386.5,29.9173979127271,-0.137220872727198,10294.2865433021
386.6,29.9026810472726,-0.147168654545517,10297.2760346021
386.7,29.8871449527271,-0.155360945454589,10300.2639401086
386.8,29.8709651781817,-0.161797745454479,10303.2502042312
386.9,29.8543172727271,-0.166479054545441,10306.2347889341
387,29.8373767854544,-0.169404872727284,10309.2176737366
387.1,29.8203192654544,-0.170575199999945,10312.198855713
387.2,29.8033202618181,-0.169990036363679,10315.1783494923
387.3,29.7865553236362,-0.167649381818166,10318.1561872584
387.4,29.7701999999999,-0.163553236363661,10321.1323664514
387.5,29.7533838599999,-0.168161399999938,10324.1068077084
387.6,29.7354412799999,-0.179425800000033,10327.0794225234
387.7,29.7168550199999,-0.18586260000005,10330.0501706664
387.8,29.6981078399999,-0.187471799999926,10333.0190601834
387.9,29.6796824999999,-0.184253400000045,10335.9861473964
388,29.6620617599999,-0.17620739999996,10338.9515369034
388.1,29.6457283799999,-0.163333800000053,10341.9153815784
388.2,29.6311651199999,-0.145632600000006,10344.8778825714
388.3,29.6188547399999,-0.123103799999946,10347.8392893084
388.4,29.6092799999999,-0.0957474000000644,10350.7998404874
388.5,29.6017435799999,-0.0753642000000099,10353.7596836184
388.6,29.5951190399999,-0.0662453999999854,10356.7189018434
388.7,29.5892454599999,-0.0587358000000293,10359.6775622124
388.8,29.5839619199999,-0.0528353999999496,10362.6357156834
388.9,29.5791074999999,-0.0485442000000661,10365.5933971224
389,29.5745212799999,-0.0458621999999948,10368.5506253034
389.1,29.5700423399999,-0.0447893999999919,10371.5074029084
389.2,29.5655097599999,-0.0453257999999933,10374.4637165274
389.3,29.5607626199999,-0.0474713999999991,10377.4195366584
389.4,29.5556399999999,-0.0512262000000092,10380.3748324584
389.5,29.5502759999999,-0.0536399999999518,10383.3295918584
389.6,29.5449119999999,-0.0536400000000157,10386.2838148584
389.7,29.5395479999999,-0.0536400000000157,10389.2375014584
389.8,29.5341839999999,-0.0536399999999518,10392.1906516584
389.9,29.5288199999999,-0.0536400000000796,10395.1432654584
390,29.5234559999999,-0.0536400000000157,10398.0953428584
390.1,29.5180919999999,-0.0536399999999518,10401.0468838584
390.2,29.5127279999999,-0.0536400000000157,10403.9978884584
390.3,29.5073639999999,-0.0536399999999518,10406.9483566584
390.4,29.5019999999999,-0.0536400000000157,10409.8982643204
390.5,29.4961532399999,-0.0584675999999647,10412.8475497584
390.6,29.4895555199999,-0.0659772000000488,10415.7961539684
390.7,29.4825286799999,-0.0702683999999962,10418.7440501304
390.8,29.4753945599999,-0.0713411999999991,10421.6912436084
390.9,29.4684749999999,-0.0691955999999933,10424.6377719504
391,29.4620918399999,-0.0638315999999789,10427.5837048884
391.1,29.4565669199999,-0.05524920000002,10430.5291443384
391.2,29.4522220799999,-0.0434484000000524,10433.4742244004
391.3,29.4493791599999,-0.0284291999999482,10436.4191113584
391.4,29.4483599999999,-0.0101916000000273,10439.3639473584
391.5,29.4483599999999,0,10442.3087833584
391.6,29.4483599999999,0,10445.2536193584
391.7,29.4483599999999,0,10448.1984553584
391.8,29.4483599999999,0,10451.1432913584
391.9,29.4483599999999,0,10454.0881273584
392,29.4483599999999,0,10457.0329633584
392.1,29.4483599999999,0,10459.9777993584
392.2,29.4483599999999,0,10462.9226353584
392.3,29.4483599999999,0,10465.8674713584
392.4,29.4483599999999,0,10468.8123073585
392.5,29.4483599999999,0,10471.7571433585
392.6,29.4483599999999,0,10474.7019793585
392.7,29.4483599999999,0,10477.6468153585
392.8,29.4483599999999,0,10480.5916513585
392.9,29.4483599999999,0,10483.5364873585
393,29.4483599999999,0,10486.4813233585
393.1,29.4483599999999,0,10489.4261593585
393.2,29.4483599999999,0,10492.3709953585
393.3,29.4483599999999,0,10495.3158313585
393.4,29.4483599999999,0,10498.2606673585
393.5,29.4483599999999,0,10501.2055033585
393.6,29.4483599999999,0,10504.1503393585
393.7,29.4483599999999,0,10507.0951753585
393.8,29.4483599999999,0,10510.0400113585
393.9,29.4483599999999,0,10512.9848473585
394,29.4483599999999,0,10515.9296833585
394.1,29.4483599999999,0,10518.8745193585
394.2,29.4483599999999,0,10521.8193553585
394.3,29.4483599999999,0,10524.7641913585
394.4,29.4483599999999,0,10527.7090273585
394.5,29.4483599999999,0,10530.6538633585
394.6,29.4483599999999,0,10533.5986993585
394.7,29.4483599999999,0,10536.5435353585
394.8,29.4483599999999,0,10539.4883713585
394.9,29.4483599999999,0,10542.4332073585
395,29.4483599999999,0,10545.3780433585
395.1,29.4483599999999,0,10548.3228793585
395.2,29.4483599999999,0,10551.2677153585
395.3,29.4483599999999,0,10554.2125513585
395.4,29.4483599999999,0,10557.1573873585
395.5,29.4483599999999,0,10560.1022233585
395.6,29.4483599999999,0,10563.0470593585
395.7,29.4483599999999,0,10565.9918953585
395.8,29.4483599999999,0,10568.9367313585
395.9,29.4483599999999,0,10571.8815673585
396,29.4483599999999,0,10574.8264033585
396.1,29.4483599999999,0,10577.7712393585
396.2,29.4483599999999,0,10580.7160753585
396.3,29.4483599999999,0,10583.6609113585
396.4,29.4483599999999,0,10586.6058224545
396.5,29.4498619199999,0.0150191999999763,10589.5510124785
396.6,29.4539385599999,0.0407664000000452,10592.4967067185
396.7,29.4599462399999,0.060076799999969,10595.4430660945
396.8,29.4672412799999,0.0729504000000034,10598.3901871585
396.9,29.4751799999999,0.0793872000000207,10601.3381020945
397,29.4831187199999,0.0793871999999566,10604.2867787185
397.1,29.4904137599999,0.0729504000000034,10607.2361204785
397.2,29.4964214399999,0.0600768000000329,10610.1859664545
397.3,29.5004980799999,0.0407664000000452,10613.1360913585
397.4,29.5019999999999,0.0150191999999763,10616.0862913585
397.5,29.5019999999999,0,10619.0364913585
397.6,29.5019999999999,0,10621.9866913585
397.7,29.5019999999999,0,10624.9368913585
397.8,29.5019999999999,0,10627.8870913585
397.9,29.5019999999999,0,10630.8372913585
398,29.5019999999999,0,10633.7874913585
398.1,29.5019999999999,0,10636.7376913585
398.2,29.5019999999999,0,10639.6878913585
398.3,29.5019999999999,0,10642.6380913585
398.4,29.5019999999999,0,10645.5882913585
398.5,29.5019999999999,0,10648.5384913585
398.6,29.5019999999999,0,10651.4886913585
398.7,29.5019999999999,0,10654.4388913585
398.8,29.5019999999999,0,10657.3890913585
398.9,29.5019999999999,0,10660.3392913585
399,29.5019999999999,0,10663.2894913585
399.1,29.5019999999999,0,10666.2396913585
399.2,29.5019999999999,0,10669.1898913585
399.3,29.5019999999999,0,10672.1400913585
399.4,29.5019999999999,0,10675.0902913585
399.5,29.5019999999999,0,10678.0404913585
399.6,29.5019999999999,0,10680.9906913585
399.7,29.5019999999999,0,10683.9408913585
399.8,29.5019999999999,0,10686.8910913585
399.9,29.5019999999999,0,10689.8412913585
400,29.5019999999999,0,10692.7914913585
400.1,29.5019999999999,0,10695.7416913585
400.2,29.5019999999999,0,10698.6918913585
400.3,29.5019999999999,0,10701.6420913585
400.4,29.5019999999999,0,10704.5922913585
400.5,29.5019999999999,0,10707.5424913585
400.6,29.5019999999999,0,10710.4926913584
400.7,29.5019999999999,0,10713.4428913584
400.8,29.5019999999999,0,10716.3930913584
400.9,29.5019999999999,0,10719.3432913584
401,29.5019999999999,0,10722.2934913584
401.1,29.5019999999999,0,10725.2436913584
401.2,29.5019999999999,0,10728.1938913584
401.3,29.5019999999999,0,10731.1440913584
401.4,29.5019999999999,0,10734.0942913584
401.5,29.5019999999999,0,10737.0444913584
401.6,29.5019999999999,0,10739.9946913584
401.7,29.5019999999999,0,10742.9448913584
401.8,29.5019999999999,0,10745.8950913584
401.9,29.5019999999999,0,10748.8452913584
402,29.5019999999999,0,10751.7954913584
402.1,29.5019999999999,0,10754.7456913584
402.2,29.5019999999999,0,10757.6958913584
402.3,29.5019999999999,0,10760.6460913584
402.4,29.5019999999999,0,10763.5963543854
402.5,29.5032605399999,0.0126053999999698,10766.5468534284
402.6,29.5067203199999,0.0345978000000286,10769.4977842734
402.7,29.5118965799999,0.0517626000000106,10772.4492944304
402.8,29.5183065599999,0.0640997999999797,10775.4014831334
402.9,29.5254674999999,0.0716093999999998,10778.3544013404
403,29.5328966399999,0.0742913999999431,10781.3080517334
403.1,29.5401112199999,0.0721458000000013,10784.2623887184
403.2,29.5466284799999,0.0651726000000466,10787.2173184254
403.3,29.5519656599999,0.0533718000000149,10790.1726987084
403.4,29.5556399999999,0.0367433999999705,10793.1283858122
403.5,29.5581020759999,0.0246207599999764,10796.0842960584
403.6,29.5601028479999,0.0200077200000023,10799.0403817074
403.7,29.5616101319999,0.015072840000002,10801.9965918012
403.8,29.5625917439999,0.00981612000003906,10804.9528721634
403.9,29.5630154999999,0.00423755999992181,10807.9091653992
404,29.5628492159999,-0.00166283999996608,10810.8654108954
404.1,29.5620607079999,-0.00788508000000832,10813.8215448204
404.2,29.5606177919999,-0.0144291599999491,10816.7775001242
404.3,29.5584882839999,-0.0212950799999802,10819.7332065384
404.4,29.5556399999999,-0.0284828400000378,10822.6885892352
404.5,29.5520139359999,-0.0362606399999948,10825.6435728504
404.6,29.5476583679999,-0.0435556799999759,10828.5980908704
404.7,29.5427020319999,-0.0495633600000432,10831.5520896552
404.8,29.5372736639999,-0.0542836799999406,10834.5055284384
404.9,29.5315019999999,-0.0577166399999883,10837.4583793272
405,29.5255157759999,-0.059862240000058,10840.4106273024
405.1,29.5194437279999,-0.0607204799999579,10843.3622702184
405.2,29.5134145919999,-0.0602913600000079,10846.3133188032
405.3,29.5075571039999,-0.0585748799999521,10849.2637966584
405.4,29.5019999999999,-0.0555710400000464,10852.2137188032
405.5,29.4964428959999,-0.0555710399999825,10855.1630702184
405.6,29.4905854079999,-0.058574880000016,10858.1118273024
405.7,29.4845562719999,-0.0602913600000079,10861.0599793272
405.8,29.4784842239999,-0.0607204800000218,10864.0075284384
405.9,29.4724979999999,-0.0598622399999939,10866.9544896552
406,29.4667263359999,-0.0577166399999883,10869.9008908704
406.1,29.4612979679999,-0.0542836800000047,10872.8467728504
406.2,29.4563416319999,-0.0495633600000432,10875.7921892352
406.3,29.4519860639999,-0.0435556799999759,10878.7372065384
406.4,29.4483599999999,-0.0362606399999948,10881.681926676
406.5,29.4460427519999,-0.0231724799999852,10884.6264923304
406.6,29.4452703359999,-0.00772415999999509,10887.5710386744
406.7,29.4456565439999,0.00386207999999755,10890.51566226
406.8,29.4468151679999,0.0115862399999926,10893.4604210184
406.9,29.4483599999999,0.0154483199999902,10896.40533426
407,29.4499048319999,0.0154483199999902,10899.3503826744
407.1,29.4510634559999,0.0115862399999926,10902.2955083304
407.2,29.4514496639999,0.00386207999999755,10905.240614676
407.3,29.4506772479999,-0.00772415999999509,10908.1855665384
407.4,29.4483599999999,-0.0231724799999852,10911.1302212352
407.5,29.4447339359999,-0.0362606399999948,10914.0744768504
407.6,29.4403783679999,-0.0435556799999759,10917.0182668704
407.7,29.4354220319999,-0.0495633600000432,10919.9615376552
407.8,29.4299936639999,-0.0542836799999406,10922.9042484384
407.9,29.4242219999999,-0.0577166400000522,10925.8463713272
408,29.4182357759999,-0.05986223999993,10928.7878913024
408.1,29.4121637279999,-0.0607204800000218,10931.7288062184
408.2,29.4061345919999,-0.0602913600000079,10934.6691268032
408.3,29.4002771039999,-0.058574880000016,10937.6088766584
408.4,29.3947199999999,-0.0555710399999825,10940.5480804584
408.5,29.3893559999999,-0.0536400000000157,10943.4867478584
408.6,29.3839919999999,-0.0536399999999518,10946.4248788584
408.7,29.3786279999999,-0.0536400000000157,10949.3624734584
408.8,29.3732639999999,-0.0536400000000157,10952.2995316584
408.9,29.3678999999999,-0.0536400000000157,10955.2360534584
409,29.3625359999999,-0.0536399999999518,10958.1720388584
409.1,29.3571719999999,-0.0536400000000796,10961.1074878584
409.2,29.3518079999999,-0.0536400000000157,10964.0424004584
409.3,29.3464439999999,-0.0536399999999518,10966.9767766584
409.4,29.3410799999999,-0.0536400000000157,10969.910623355
409.5,29.3358539314285,-0.0522606857142521,10972.8439581727
409.6,29.330842422857,-0.0501150857143102,10975.7767979699
409.7,29.3259535199999,-0.048889028571395,10978.7091504093
409.8,29.3210952685713,-0.0485825142856982,10981.6410139584
409.9,29.3161757142856,-0.0491955428572196,10984.5723778893
410,29.311102902857,-0.0507281142856399,10987.5032222784
410.1,29.3057848799999,-0.0531802285714705,10990.433518007
410.2,29.3001296914285,-0.0565518857143275,10993.3632267607
410.3,29.294045382857,-0.060843085714211,10996.2923010299
410.4,29.2874399999999,-0.0660538285714409,10999.2206487165
410.5,29.2795137321427,-0.0792626785713963,11002.1481151745
410.6,29.2698154285713,-0.0969830357143237,11005.0745447522
410.7,29.2587761249999,-0.110393035714232,11007.9998249013
410.8,29.2468268571428,-0.11949267857144,11010.9238861772
410.9,29.2343986607142,-0.124281964285693,11013.8467022388
411,29.2219225714285,-0.124760892857182,11016.7682898486
411.1,29.2098296249999,-0.120929464285652,11019.6887088727
411.2,29.1985508571427,-0.112787678571486,11022.6080622808
411.3,29.1885173035713,-0.100335535714301,11025.5264961459
411.4,29.1801599999999,-0.0835730357142879,11028.4441473939
411.5,29.1728649599999,-0.0729504000000034,11031.3610798659
411.6,29.1657844799999,-0.0708047999999977,11034.2773190409
411.7,29.1589990199999,-0.0678545999999897,11037.1928984439
411.8,29.1525890399999,-0.0640997999999797,11040.1078596459
411.9,29.1466349999999,-0.0595404000000954,11043.0222522639
412,29.1412173599999,-0.0541763999998893,11045.9361339609
412.1,29.1364165799999,-0.0480078000000646,11048.8495704459
412.2,29.1323131199999,-0.041034599999982,11051.7626354739
412.3,29.1289874399999,-0.033256800000025,11054.6754108459
412.4,29.1265199999999,-0.0246744000000022,11057.587995863
412.5,29.1251803409999,-0.0133965900000135,11060.5005036384
412.6,29.1249751679999,-0.00205172999997671,11063.4130319312
412.7,29.1255906869999,0.0061551899999941,11066.3256471207
412.8,29.1267131039999,0.0112241699999629,11069.2383842072
412.9,29.1280286249999,0.0131552100000576,11072.1512468112
413,29.1292234559999,0.0119483099999584,11075.0642071742
413.1,29.1299838029999,0.00760346999998519,11077.9772061579
413.2,29.1299958719999,0.000120690000009915,11080.890153245
413.3,29.1289458689999,-0.0105000299999673,11083.8029265384
413.4,29.1265199999999,-0.0242586900000106,11086.7153972352
413.5,29.1228939359999,-0.0362606399999948,11089.6274688504
413.6,29.1185383679999,-0.0435556799999759,11092.5390748704
413.7,29.1135820319999,-0.0495633600000432,11095.4501616552
413.8,29.1081536639999,-0.0542836799999406,11098.3606884384
413.9,29.1023819999999,-0.0577166400000522,11101.2706273272
414,29.0963957759999,-0.0598622399999939,11104.1799633024
414.1,29.0903237279999,-0.0607204799999579,11107.0886942184
414.2,29.0842945919999,-0.0602913600000079,11109.9968308032
414.3,29.0784371039999,-0.0585748799999521,11112.9043966584
414.4,29.0728799999999,-0.0555710400000464,11115.8113923204
414.5,29.0670332399999,-0.0584675999999647,11118.7177657584
414.6,29.0604355199999,-0.0659772000000488,11121.6234579684
414.7,29.0534086799999,-0.0702683999999962,11124.5284421304
414.8,29.0462745599999,-0.0713411999999991,11127.4327236084
414.9,29.0393549999999,-0.0691955999999933,11130.3363399504
415,29.0329718399999,-0.0638315999999789,11133.2393608884
415.1,29.0274469199999,-0.0552492000000839,11136.1418883384
415.2,29.0231020799999,-0.0434483999999885,11139.0440564004
415.3,29.0202591599999,-0.0284291999999482,11141.9460313584
415.4,29.0192399999999,-0.0101916000000273,11144.8479553584
415.5,29.0192399999999,0,11147.7498793584
415.6,29.0192399999999,0,11150.6518033584
415.7,29.0192399999999,0,11153.5537273584
415.8,29.0192399999999,0,11156.4556513584
415.9,29.0192399999999,0,11159.3575753584
416,29.0192399999999,0,11162.2594993584
416.1,29.0192399999999,0,11165.1614233584
416.2,29.0192399999999,0,11168.0633473584
416.3,29.0192399999999,0,11170.9652713584
416.4,29.0192399999999,0,11173.8671953584
416.5,29.0192399999999,0,11176.7691193584
416.6,29.0192399999999,0,11179.6710433584
416.7,29.0192399999999,0,11182.5729673584
416.8,29.0192399999999,0,11185.4748913584
416.9,29.0192399999999,0,11188.3768153584
417,29.0192399999999,0,11191.2787393584
417.1,29.0192399999999,0,11194.1806633584
417.2,29.0192399999999,0,11197.0825873584
417.3,29.0192399999999,0,11199.9845113584
417.4,29.0192399999999,0,11202.8863602624
417.5,29.0177380799999,-0.0150191999999763,11205.7879302384
417.6,29.0136614399999,-0.0407664000000452,11208.6889959984
417.7,29.0076537599999,-0.060076799999969,11211.5893966224
417.8,29.0003587199999,-0.0729504000000034,11214.4890355584
417.9,28.9924199999999,-0.0793871999999566,11217.3878806224
418,28.9844812799999,-0.0793872000000207,11220.2859639984
418.1,28.9771862399999,-0.0729504000000034,11223.1833822384
418.2,28.9711785599999,-0.0600768000000329,11226.0802962624
418.3,28.9671019199999,-0.0407663999999813,11228.9769313584
418.4,28.9655999999999,-0.0150191999999763,11231.8734913584
418.5,28.9655999999999,0,11234.7700513584
418.6,28.9655999999999,0,11237.6666113584
418.7,28.9655999999999,0,11240.5631713584
418.8,28.9655999999999,0,11243.4597313584
418.9,28.9655999999999,0,11246.3562913584
419,28.9655999999999,0,11249.2528513584
419.1,28.9655999999999,0,11252.1494113584
419.2,28.9655999999999,0,11255.0459713584
419.3,28.9655999999999,0,11257.9425313584
419.4,28.9655999999999,0,11260.8390913584
419.5,28.9655999999999,0,11263.7356513584
419.6,28.9655999999999,0,11266.6322113584
419.7,28.9655999999999,0,11269.5287713584
419.8,28.9655999999999,0,11272.4253313584
419.9,28.9655999999999,0,11275.3218913584
420,28.9655999999999,0,11278.2184513584
420.1,28.9655999999999,0,11281.1150113584
420.2,28.9655999999999,0,11284.0115713584
420.3,28.9655999999999,0,11286.9081313584
420.4,28.9655999999999,0,11289.8046913584
420.5,28.9655999999999,0,11292.7012513584
420.6,28.9655999999999,0,11295.5978113584
420.7,28.9655999999999,0,11298.4943713584
420.8,28.9655999999999,0,11301.3909313584
420.9,28.9655999999999,0,11304.2874913584
421,28.9655999999999,0,11307.1840513584
421.1,28.9655999999999,0,11310.0806113584
421.2,28.9655999999999,0,11312.9771713584
421.3,28.9655999999999,0,11315.8737313584
421.4,28.9655999999999,0,11318.7702913584
421.5,28.9655999999999,0,11321.6668513584
421.6,28.9655999999999,0,11324.5634113584
421.7,28.9655999999999,0,11327.4599713584
421.8,28.9655999999999,0,11330.3565313584
421.9,28.9655999999999,0,11333.2530913584
422,28.9655999999999,0,11336.1496513584
422.1,28.9655999999999,0,11339.0462113584
422.2,28.9655999999999,0,11341.9427713584
422.3,28.9655999999999,0,11344.8393313584
422.4,28.9655999999999,0,11347.7358913584
422.5,28.9655999999999,0,11350.6324513584
422.6,28.9655999999999,0,11353.5290113584
422.7,28.9655999999999,0,11356.4255713584
422.8,28.9655999999999,0,11359.3221313584
422.9,28.9655999999999,0,11362.2186913584
423,28.9655999999999,0,11365.1152513584
423.1,28.9655999999999,0,11368.0118113584
423.2,28.9655999999999,0,11370.9083713584
423.3,28.9655999999999,0,11373.8049313584
423.4,28.9655999999999,0,11376.7014913584
423.5,28.9655999999999,0,11379.5980513584
423.6,28.9655999999999,0,11382.4946113584
423.7,28.9655999999999,0,11385.3911713584
423.8,28.9655999999999,0,11388.2877313584
423.9,28.9655999999999,0,11391.1842913584
424,28.9655999999999,0,11394.0808513584
424.1,28.9655999999999,0,11396.9774113584
424.2,28.9655999999999,0,11399.8739713584
424.3,28.9655999999999,0,11402.7705313584
424.4,28.9655999999999,0,11405.6670913584
424.5,28.9655999999999,0,11408.5636513584
424.6,28.9655999999999,0,11411.4602113584
424.7,28.9655999999999,0,11414.3567713584
424.8,28.9655999999999,0,11417.2533313584
424.9,28.9655999999999,0,11420.1498913584
425,28.9655999999999,0,11423.0464513584
425.1,28.9655999999999,0,11425.9430113584
425.2,28.9655999999999,0,11428.8395713584
425.3,28.9655999999999,0,11431.7361313584
425.4,28.9655999999999,0,11434.6327423164
425.5,28.9666191599999,0.0101916000000273,11437.5295463784
425.6,28.9694620799999,0.0284292000000121,11440.4267098284
425.7,28.9738069199999,0.0434483999999244,11443.3243667664
425.8,28.9793318399999,0.05524920000002,11446.2226191084
425.9,28.9857149999999,0.0638315999999789,11449.1215365864
426,28.9926345599999,0.0691955999999933,11452.0211567484
426.1,28.9997686799999,0.071341200000063,11454.9214849584
426.2,29.0067955199999,0.0702683999999323,11457.8224943964
426.3,29.0133932399999,0.0659771999999847,11460.7241260584
426.4,29.0192399999999,0.0584676000000286,11463.6263061894
426.5,29.0243626199999,0.0512262000000092,11466.5289798084
426.6,29.0291097599999,0.0474713999999991,11469.4321174134
426.7,29.0336423399999,0.0453257999999294,11472.3357055944
426.8,29.0381212799999,0.044789400000056,11475.2397470334
426.9,29.0427074999999,0.0458621999999948,11478.1442605044
427,29.0475619199999,0.0485442000000661,11481.0492808734
427.1,29.0528454599999,0.0528354000000135,11483.9548590984
427.2,29.0587190399999,0.0587357999999014,11486.8610622294
427.3,29.0653435799999,0.0662454000000495,11489.7679734084
427.4,29.0728799999999,0.0753642000000099,11492.6757401454
427.5,29.0824547399999,0.0957474000000644,11495.5846011384
427.6,29.0947651199999,0.12310380000001,11498.4948058134
427.7,29.1093283799999,0.145632599999878,11501.4065553204
427.8,29.1256617599999,0.16333379999999,11504.3200025334
427.9,29.1432824999999,0.176207400000088,11507.2352520504
428,29.1617078399999,0.184253399999982,11510.1523601934
428.1,29.1804550199999,0.187471800000054,11513.0713350084
428.2,29.1990412799999,0.185862599999795,11515.9921362654
428.3,29.2169838599999,0.179425800000033,11518.9146754584
428.4,29.2337999999999,0.168161400000066,11521.8388962654
428.5,29.2506161399999,0.168161400000066,11524.7648550084
428.6,29.2685587199999,0.179425800000033,11527.6926401934
428.7,29.2871449799999,0.185862599999858,11530.6222920504
428.8,29.3058921599999,0.187471800000054,11533.5538025334
428.9,29.3243174999999,0.184253399999982,11536.4871153204
429,29.3419382399999,0.176207400000088,11539.4221258134
429.1,29.3582716199999,0.16333379999999,11542.3586811384
429.2,29.3728348799999,0.145632599999878,11545.2965801454
429.3,29.3851452599999,0.12310380000001,11548.2355734084
429.4,29.3947199999999,0.0957474000000644,11551.1754222294
429.5,29.4022564199999,0.0753642000000099,11554.1159790984
429.6,29.4088809599999,0.0662454000000495,11557.0571608734
429.7,29.4147545399999,0.0587357999999014,11559.9989005044
429.8,29.4200380799999,0.0528354000000135,11562.9411470334
429.9,29.4248924999999,0.0485442000000661,11565.8838655944
430,29.4294787199999,0.0458621999999309,11568.8270374134
430.1,29.4339576599999,0.044789400000056,11571.7706598084
430.2,29.4384902399999,0.0453257999999294,11574.7147461894
430.3,29.4432373799999,0.0474713999999991,11577.6593260584
430.4,29.4483599999999,0.0512262000000092,11580.6044302584
430.5,29.4537239999999,0.0536400000000796,11583.5500708584
430.6,29.4590879999999,0.0536399999999518,11586.4962478584
430.7,29.4644519999999,0.0536399999999518,11589.4429612584
430.8,29.4698159999999,0.0536400000000157,11592.3902110584
430.9,29.4751799999999,0.0536400000000157,11595.3379972584
431,29.4805439999999,0.0536399999999518,11598.2863198584
431.1,29.4859079999999,0.0536400000000796,11601.2351788584
431.2,29.4912719999999,0.0536399999999518,11604.1845742584
431.3,29.4966359999999,0.0536400000000157,11607.1345060584
431.4,29.5019999999999,0.0536400000000157,11610.0849742584
431.5,29.5073639999999,0.0536400000000796,11613.0359788584
431.6,29.5127279999999,0.0536399999999518,11615.9875198584
431.7,29.5180919999999,0.0536399999998879,11618.9395972584
431.8,29.5234559999999,0.0536400000000796,11621.8922110584
431.9,29.5288199999999,0.0536399999999518,11624.8453612584
432,29.5341839999999,0.0536400000000157,11627.7990478584
432.1,29.5395479999999,0.0536400000000157,11630.7532708584
432.2,29.5449119999999,0.0536399999999518,11633.7080302584
432.3,29.5502759999999,0.0536400000000157,11636.6633260584
432.4,29.5556399999999,0.0536400000000157,11639.6191679136
432.5,29.5611971039999,0.0555710400000464,11642.5755804984
432.6,29.5670545919999,0.0585748799999521,11645.5325874144
432.7,29.5730837279999,0.060291359999944,11648.4901993896
432.8,29.5791557759999,0.0607204800000859,11651.4484142784
432.9,29.5851419999999,0.05986223999993,11654.4072170616
433,29.5909136639999,0.0577166400000522,11657.3665798464
433.1,29.5963420319999,0.0542836800000686,11660.3264618664
433.2,29.6012983679999,0.0495633599999152,11663.2868094816
433.3,29.6056539359999,0.0435556800000398,11666.2475561784
433.4,29.6092799999999,0.0362606399999948,11669.2086000408
433.5,29.6115972479999,0.0231724800000493,11672.1697983864
433.6,29.6123696639999,0.00772415999993115,11675.1310160424
433.7,29.6119834559999,-0.00386207999999755,11678.0921564568
433.8,29.6108248319999,-0.0115862399999287,11681.0531616984
433.9,29.6092799999999,-0.0154483200000541,11684.0140124568
434,29.6077351679999,-0.0154483199999902,11686.9747280424
434.1,29.6065765439999,-0.0115862399999926,11689.9353663864
434.2,29.6061903359999,-0.00386207999999755,11692.8960240408
434.3,29.6069627519999,0.00772415999999509,11695.8568361784
434.4,29.6092799999999,0.0231724799999852,11698.8179454816
434.5,29.6129060639999,0.0362606400000587,11701.7794538664
434.6,29.6172616319999,0.0435556799999759,11704.7414278464
434.7,29.6222179679999,0.0495633599999152,11707.7039210616
434.8,29.6276463359999,0.0542836800000686,11710.6669742784
434.9,29.6334179999999,0.0577166400000522,11713.6306153896
435,29.6394042239999,0.05986223999993,11716.5948594144
435.1,29.6454762719999,0.0607204800000859,11719.5597084984
435.2,29.6515054079999,0.060291359999944,11722.5251519136
435.3,29.6573628959999,0.058574880000016,11725.4911660584
435.4,29.6629199999999,0.0555710399999825,11728.4577262584
435.5,29.6682839999999,0.0536400000000157,11731.4248228584
435.6,29.6736479999999,0.0536400000000157,11734.3924558584
435.7,29.6790119999999,0.0536399999999518,11737.3606252584
435.8,29.6843759999999,0.0536400000000157,11740.3293310584
435.9,29.6897399999999,0.0536400000000157,11743.2985732584
436,29.6951039999999,0.0536399999999518,11746.2683518584
436.1,29.7004679999999,0.0536400000000796,11749.2386668584
436.2,29.7058319999999,0.0536399999998879,11752.2095182584
436.3,29.7111959999999,0.0536400000000157,11755.1809060584
436.4,29.7165599999999,0.0536400000000157,11758.1528302584
436.5,29.7219239999999,0.0536399999999518,11761.1252908584
436.6,29.7272879999999,0.0536400000000796,11764.0982878584
436.7,29.7326519999999,0.0536399999999518,11767.0718212584
436.8,29.7380159999999,0.0536400000000796,11770.0458910584
436.9,29.7433799999999,0.0536399999999518,11773.0204972584
437,29.7487439999999,0.0536400000000157,11775.9956398584
437.1,29.7541079999999,0.0536400000000157,11778.9713188584
437.2,29.7594719999999,0.0536399999999518,11781.9475342584
437.3,29.7648359999999,0.0536400000000157,11784.9242860584
437.4,29.7701999999999,0.0536400000000157,11787.9015742584
437.5,29.7755639999999,0.0536400000000157,11790.8793988584
437.6,29.7809279999999,0.0536400000000157,11793.8577598584
437.7,29.7862919999999,0.0536399999998879,11796.8366572584
437.8,29.7916559999999,0.0536400000000796,11799.8160910584
437.9,29.7970199999999,0.0536399999999518,11802.7960612584
438,29.8023839999999,0.0536400000000157,11805.7765678584
438.1,29.8077479999999,0.0536400000000157,11808.7576108584
438.2,29.8131119999999,0.0536400000000157,11811.7391902584
438.3,29.8184759999999,0.0536399999999518,11814.7213060584
438.4,29.8238399999999,0.0536400000000157,11817.7039582584
438.5,29.8292039999999,0.0536399999999518,11820.6871468584
438.6,29.8345679999999,0.0536400000000796,11823.6708718584
438.7,29.8399319999999,0.0536399999999518,11826.6551332584
438.8,29.8452959999999,0.0536400000000796,11829.6399310584
438.9,29.8506599999999,0.0536399999999518,11832.6252652584
439,29.8560239999999,0.0536400000000157,11835.6111358584
439.1,29.8613879999999,0.0536400000000157,11838.5975428584
439.2,29.8667519999999,0.0536400000000157,11841.5844862584
439.3,29.8721159999999,0.0536399999999518,11844.5719660584
439.4,29.8774799999999,0.0536400000000157,11847.5599822584
439.5,29.8828439999999,0.0536400000000157,11850.5485348584
439.6,29.8882079999999,0.0536400000000157,11853.5376238584
439.7,29.8935719999999,0.0536399999999518,11856.5272492584
439.8,29.8989359999999,0.0536400000000157,11859.5174110584
439.9,29.9042999999999,0.0536400000000157,11862.5081092584
440,29.9096639999999,0.0536399999999518,11865.4993438584
440.1,29.9150279999999,0.0536400000000796,11868.4911148584
440.2,29.9203919999999,0.0536399999999518,11871.4834222584
440.3,29.9257559999999,0.0536399999999518,11874.4762660584
440.4,29.9311199999999,0.0536400000000157,11877.4696462584
440.5,29.9364839999999,0.0536400000000157,11880.4635628584
440.6,29.9418479999999,0.0536400000000157,11883.4580158584
440.7,29.9472119999999,0.0536399999999518,11886.4530052584
440.8,29.9525759999999,0.0536400000000157,11889.4485310584
440.9,29.9579399999999,0.0536400000000157,11892.4445932584
441,29.9633039999999,0.0536399999999518,11895.4411918584
441.1,29.9686679999999,0.0536400000000796,11898.4383268584
441.2,29.9740319999999,0.0536399999999518,11901.4359982584
441.3,29.9793959999999,0.0536400000000157,11904.4342060584
441.4,29.9847599999999,0.0536400000000157,11907.4329743964
441.5,29.9906067599999,0.0584676000000286,11910.4323649584
441.6,29.9972044799999,0.0659771999999847,11913.4324367484
441.7,30.0042313199999,0.0702683999999323,11916.4332165864
441.8,30.0113654399999,0.071341200000063,11919.4346991084
441.9,30.0182849999999,0.0691955999999933,11922.4368467664
442,30.0246681599999,0.0638315999999789,11925.4395898284
442.1,30.0301930799999,0.05524920000002,11928.4428263784
442.2,30.0345379199999,0.0434483999999244,11931.4464223164
442.3,30.0373808399999,0.0284292000000761,11934.4502113584
442.4,30.0383999999999,0.0101915999999633,11937.4540513584
442.5,30.0383999999999,6.3948846218409e-14,11940.4578913584
442.6,30.0383999999999,-6.3948846218409e-14,11943.4617313584
442.7,30.0383999999999,0,11946.4655713584
442.8,30.0383999999999,0,11949.4694113584
442.9,30.0383999999999,0,11952.4732513584
443,30.0383999999999,0,11955.4770913584
443.1,30.0383999999999,0,11958.4809313584
443.2,30.0383999999999,0,11961.4847713584
443.3,30.0383999999999,0,11964.4886113584
443.4,30.0383999999999,0,11967.4924513584
443.5,30.0383999999999,6.3948846218409e-14,11970.4962913584
443.6,30.0383999999999,-6.3948846218409e-14,11973.5001313584
443.7,30.0383999999999,0,11976.5039713584
443.8,30.0383999999999,0,11979.5078113584
443.9,30.0383999999999,0,11982.5116513584
444,30.0383999999999,0,11985.5154913584
444.1,30.0383999999999,0,11988.5193313584
444.2,30.0383999999999,0,11991.5231713584
444.3,30.0383999999999,0,11994.5270113584
444.4,30.0383999999999,0,11997.5308513584
444.5,30.0383999999999,6.3948846218409e-14,12000.5346913584
444.6,30.0383999999999,-6.3948846218409e-14,12003.5385313584
444.7,30.0383999999999,0,12006.5423713584
444.8,30.0383999999999,0,12009.5462113584
444.9,30.0383999999999,0,12012.5500513584
445,30.0383999999999,0,12015.5538913584
445.1,30.0383999999999,0,12018.5577313584
445.2,30.0383999999999,0,12021.5615713584
445.3,30.0383999999999,0,12024.5654113584
445.4,30.0383999999999,0,12027.5692513584
445.5,30.0383999999999,6.3948846218409e-14,12030.5730913584
445.6,30.0383999999999,-6.3948846218409e-14,12033.5769313584
445.7,30.0383999999999,0,12036.5807713584
445.8,30.0383999999999,0,12039.5846113584
445.9,30.0383999999999,0,12042.5884513584
446,30.0383999999999,0,12045.5922913584
446.1,30.0383999999999,0,12048.5961313584
446.2,30.0383999999999,0,12051.5999713584
446.3,30.0383999999999,0,12054.6038113584
446.4,30.0383999999999,0,12057.6076513584
446.5,30.0383999999999,6.3948846218409e-14,12060.6114913584
446.6,30.0383999999999,-6.3948846218409e-14,12063.6153313584
446.7,30.0383999999999,0,12066.6191713584
446.8,30.0383999999999,0,12069.6230113584
446.9,30.0383999999999,0,12072.6268513584
447,30.0383999999999,0,12075.6306913584
447.1,30.0383999999999,0,12078.6345313584
447.2,30.0383999999999,0,12081.6383713584
447.3,30.0383999999999,0,12084.6422113584
447.4,30.0383999999999,0,12087.6460513584
447.5,30.0383999999999,6.3948846218409e-14,12090.6498913584
447.6,30.0383999999999,-6.3948846218409e-14,12093.6537313584
447.7,30.0383999999999,0,12096.6575713584
447.8,30.0383999999999,0,12099.6614113584
447.9,30.0383999999999,0,12102.6652513584
448,30.0383999999999,0,12105.6690913584
448.1,30.0383999999999,0,12108.6729313584
448.2,30.0383999999999,0,12111.6767713584
448.3,30.0383999999999,0,12114.6806113584
448.4,30.0383999999999,0,12117.6844513584
448.5,30.0383999999999,6.3948846218409e-14,12120.6882913584
448.6,30.0383999999999,-6.3948846218409e-14,12123.6921313583
448.7,30.0383999999999,0,12126.6959713583
448.8,30.0383999999999,0,12129.6998113583
448.9,30.0383999999999,0,12132.7036513583
449,30.0383999999999,0,12135.7074913583
449.1,30.0383999999999,0,12138.7113313583
449.2,30.0383999999999,0,12141.7151713583
449.3,30.0383999999999,0,12144.7190113583
449.4,30.0383999999999,0,12147.7228513583
449.5,30.0383999999999,6.3948846218409e-14,12150.7266913583
449.6,30.0383999999999,-6.3948846218409e-14,12153.7305313583
449.7,30.0383999999999,0,12156.7343713583
449.8,30.0383999999999,0,12159.7382113583
449.9,30.0383999999999,0,12162.7420513583
450,30.0383999999999,0,12165.7458913583
450.1,30.0383999999999,0,12168.7497313583
450.2,30.0383999999999,0,12171.7535713583
450.3,30.0383999999999,0,12174.7574113583
450.4,30.0383999999999,0,12177.7612513583
450.5,30.0383999999999,6.3948846218409e-14,12180.7650913583
450.6,30.0383999999999,-6.3948846218409e-14,12183.7689313583
450.7,30.0383999999999,0,12186.7727713583
450.8,30.0383999999999,0,12189.7766113583
450.9,30.0383999999999,0,12192.7804513583
451,30.0383999999999,0,12195.7842913583
451.1,30.0383999999999,0,12198.7881313583
451.2,30.0383999999999,0,12201.7919713583
451.3,30.0383999999999,0,12204.7958113583
451.4,30.0383999999999,0,12207.7996513583
451.5,30.0383999999999,6.3948846218409e-14,12210.8034913583
451.6,30.0383999999999,-6.3948846218409e-14,12213.8073313583
451.7,30.0383999999999,0,12216.8111713583
451.8,30.0383999999999,0,12219.8150113583
451.9,30.0383999999999,0,12222.8188513583
452,30.0383999999999,0,12225.8226913583
452.1,30.0383999999999,0,12228.8265313583
452.2,30.0383999999999,0,12231.8303713583
452.3,30.0383999999999,0,12234.8342113583
452.4,30.0383999999999,0,12237.8380513583
452.5,30.0383999999999,6.3948846218409e-14,12240.8418913583
452.6,30.0383999999999,-6.3948846218409e-14,12243.8457313583
452.7,30.0383999999999,0,12246.8495713583
452.8,30.0383999999999,0,12249.8534113583
452.9,30.0383999999999,0,12252.8572513583
453,30.0383999999999,0,12255.8610913583
453.1,30.0383999999999,0,12258.8649313583
453.2,30.0383999999999,0,12261.8687713583
453.3,30.0383999999999,0,12264.8726113583
453.4,30.0383999999999,0,12267.8764513583
453.5,30.0383999999999,6.3948846218409e-14,12270.8802913583
453.6,30.0383999999999,-6.3948846218409e-14,12273.8841313583
453.7,30.0383999999999,0,12276.8879713583
453.8,30.0383999999999,0,12279.8918113583
453.9,30.0383999999999,0,12282.8956513583
454,30.0383999999999,0,12285.8994913583
454.1,30.0383999999999,0,12288.9033313583
454.2,30.0383999999999,0,12291.9071713583
454.3,30.0383999999999,0,12294.9110113583
454.4,30.0383999999999,0,12297.9148513583
454.5,30.0383999999999,6.3948846218409e-14,12300.9186913583
454.6,30.0383999999999,-6.3948846218409e-14,12303.9225313583
454.7,30.0383999999999,0,12306.9263713583
454.8,30.0383999999999,0,12309.9302113583
454.9,30.0383999999999,0,12312.9340513583
455,30.0383999999999,0,12315.9378913583
455.1,30.0383999999999,0,12318.9417313583
455.2,30.0383999999999,0,12321.9455713583
455.3,30.0383999999999,0,12324.9494113583
455.4,30.0383999999999,0,12327.9531762623
455.5,30.0368980799999,-0.0150191999999763,12330.9566622383
455.6,30.0328214399999,-0.0407664000000452,12333.9596439983
455.7,30.0268137599999,-0.060076799999969,12336.9619606223
455.8,30.0195187199999,-0.0729503999999395,12339.9635155583
455.9,30.0115799999999,-0.0793872000000846,12342.9642766223
456,30.0036412799999,-0.0793871999999566,12345.9642759983
456.1,29.9963462399999,-0.0729504000000673,12348.9636102383
456.2,29.9903385599999,-0.060076799999905,12351.9624402623
456.3,29.9862619199999,-0.0407664000000452,12354.9609913583
456.4,29.9847599999999,-0.0150191999999763,12357.9594673583
456.5,29.9847599999999,0,12360.9579433583
456.6,29.9847599999999,0,12363.9564193583
456.7,29.9847599999999,0,12366.9548953583
456.8,29.9847599999999,0,12369.9533713583
456.9,29.9847599999999,0,12372.9518473583
457,29.9847599999999,0,12375.9503233583
457.1,29.9847599999999,0,12378.9487993583
457.2,29.9847599999999,0,12381.9472753583
457.3,29.9847599999999,0,12384.9457513583
457.4,29.9847599999999,0,12387.9442273583
457.5,29.9847599999999,0,12390.9427033583
457.6,29.9847599999999,0,12393.9411793583
457.7,29.9847599999999,0,12396.9396553583
457.8,29.9847599999999,0,12399.9381313583
457.9,29.9847599999999,0,12402.9366073583
458,29.9847599999999,0,12405.9350833583
458.1,29.9847599999999,0,12408.9335593583
458.2,29.9847599999999,0,12411.9320353583
458.3,29.9847599999999,0,12414.9305113583
458.4,29.9847599999999,0,12417.9289467452
458.5,29.9839477371427,-0.00812262857141378,12420.9272258098
458.6,29.9816335542856,-0.0231418285714539,12423.9252075555
458.7,29.9780013599999,-0.0363219428571214,12426.9227693766
458.8,29.973235062857,-0.0476629714285438,12429.9198070583
458.9,29.9675185714284,-0.0571649142857211,12432.9162347766
459,29.9610357942856,-0.0648277714286536,12435.9119850983
459.1,29.9539706399999,-0.0706515428571493,12438.9070089812
459.2,29.9465070171427,-0.074636228571336,12441.9012757738
459.3,29.9388288342856,-0.0767818285715337,12444.8947732155
459.4,29.9311199999999,-0.0770883428571025,12447.8874729538
459.5,29.9228747657141,-0.0824523428571169,12450.8792960612
459.6,29.913587382857,-0.0928738285714487,12453.8701475183
459.7,29.9034417599999,-0.101456228571408,12456.8599506966
459.8,29.8926218057141,-0.108199542857122,12459.8486473583
459.9,29.8813114285713,-0.113103771428655,12462.8361976566
460,29.8696945371427,-0.116168914285687,12465.8225801355
460.1,29.8579550399999,-0.117394971428602,12468.8077917298
460.2,29.8462768457142,-0.116781942857017,12471.7918477652
460.3,29.834843862857,-0.114329828571506,12474.7747819583
460.4,29.8238399999999,-0.110038628571431,12477.7566295583
460.5,29.8131119999998,-0.107280000000095,12480.7374043583
460.6,29.8023839999999,-0.107279999999904,12483.7171063583
460.7,29.7916559999999,-0.107279999999967,12486.6957355583
460.8,29.7809279999999,-0.107279999999967,12489.6732919583
460.9,29.7701999999999,-0.107280000000031,12492.6497755583
461,29.7594719999999,-0.107280000000031,12495.6251863583
461.1,29.7487439999999,-0.107280000000031,12498.5995243583
461.2,29.7380159999999,-0.107279999999904,12501.5727895583
461.3,29.7272879999999,-0.107280000000031,12504.5449819583
461.4,29.7165599999999,-0.107280000000031,12507.5160854663
461.5,29.7055101599999,-0.11049840000004,12510.4860589583
461.6,29.6939596799998,-0.115504800000011,12513.4548630983
461.7,29.6821231199999,-0.118365599999912,12516.4224800063
461.8,29.6702150399999,-0.119080799999999,12519.3889132583
461.9,29.6584499999999,-0.117650400000017,12522.3541878863
462,29.6470425599999,-0.114074400000028,12525.3183503783
462.1,29.6362072799999,-0.108352800000034,12528.2814686783
462.2,29.6261587199999,-0.100485599999907,12531.2436321863
462.3,29.6171114399999,-0.090472800000029,12534.2049517583
462.4,29.6092799999999,-0.0783144000000178,12537.1655391443
462.5,29.6024677199999,-0.0681227999999905,12540.1254756983
462.6,29.5962633599999,-0.0620436000000168,12543.0848168483
462.7,29.5905596399999,-0.0570371999999182,12546.0436072943
462.8,29.5852492799999,-0.0531036000000781,12549.0018810083
462.9,29.5802249999999,-0.0502427999999853,12551.9596612343
463,29.5753795199999,-0.0484548000000232,12554.9169604883
463.1,29.5706055599999,-0.0477396000000639,12557.8737805583
463.2,29.5657958399999,-0.0480971999999156,12560.8301125043
463.3,29.5608430799999,-0.049527600000026,12563.7859366583
463.4,29.5556399999999,-0.0520308000000113,12566.7412324583
463.5,29.5502759999999,-0.0536400000000157,12569.6959918583
463.6,29.5449119999999,-0.0536399999999518,12572.6502148583
463.7,29.5395479999999,-0.0536400000000157,12575.6039014583
463.8,29.5341839999999,-0.0536400000000157,12578.5570516583
463.9,29.5288199999999,-0.0536400000000157,12581.5096654583
464,29.5234559999999,-0.0536400000000157,12584.4617428583
464.1,29.5180919999999,-0.0536400000000157,12587.4132838583
464.2,29.5127279999999,-0.0536399999998879,12590.3642884583
464.3,29.5073639999999,-0.0536400000000157,12593.3147566583
464.4,29.5019999999999,-0.0536400000000157,12596.2646991863
464.5,29.4968505599999,-0.0514944000000099,12599.2141434583
464.6,29.4920348799999,-0.0481567999999867,12602.1631156983
464.7,29.4874099199999,-0.04624960000001,12605.1116278263
464.8,29.4828326399999,-0.0457727999999521,12608.0596774583
464.9,29.4781599999999,-0.0467264000000682,12611.0072479063
465,29.4732489599999,-0.0491103999999751,12613.9543081783
465.1,29.4679564799999,-0.0529248000000564,12616.9008129783
465.2,29.4621395199999,-0.0581695999999283,12619.8467027063
465.3,29.4556550399999,-0.0648448000000385,12622.7919034583
465.4,29.4483599999999,-0.0729504000000034,12625.7362566983
465.5,29.4387047999999,-0.0965520000000027,12628.6794775383
465.6,29.4257119999999,-0.129928000000042,12631.6212679783
465.7,29.4100967999999,-0.156151999999849,12634.5614015383
465.8,29.3925743999999,-0.175224000000064,12637.4997232583
465.9,29.3738599999999,-0.187144000000047,12640.4361496983
466,29.3546687999999,-0.191911999999988,12643.3706689383
466.1,29.3357159999999,-0.18952800000008,12646.3033405783
466.2,29.3177167999999,-0.179991999999814,12649.2342957383
466.3,29.3013863999999,-0.163304000000082,12652.1637370583
466.4,29.2874399999999,-0.13946399999999,12655.0918722443
466.5,29.2752637199999,-0.121762800000006,12658.0188201983
466.6,29.2636953599999,-0.115683600000032,12660.9446363483
466.7,29.2526276399999,-0.110677199999934,12663.8693653943
466.8,29.2419532799999,-0.106743599999966,12666.7930413083
466.9,29.2315649999999,-0.103882800000065,12669.7156873343
467,29.2213555199999,-0.102094800000039,12672.6373159883
467.1,29.2112175599999,-0.101379600000015,12675.5579290583
467.2,29.2010438399999,-0.101737199999867,12678.4775176043
467.3,29.1907270799999,-0.103167600000042,12681.3960619583
467.4,29.1801599999999,-0.105670800000027,12684.3135335123
467.5,29.1692710799999,-0.108889200000036,12687.2299036583
467.6,29.1581318399999,-0.111392400000021,12690.1451527283
467.7,29.1468495599999,-0.112822799999876,12693.0592717823
467.8,29.1355315199999,-0.113180400000047,12695.9722626083
467.9,29.1242849999999,-0.112465200000024,12698.8841377223
468,29.1132172799999,-0.110677200000062,12701.7949203683
468.1,29.1024356399999,-0.107816399999969,12704.7046445183
468.2,29.0920473599999,-0.103882799999937,12707.6133548723
468.3,29.0821597199999,-0.0988764000000302,12710.5211068583
468.4,29.0728799999999,-0.0927971999999926,12713.4279990717
468.5,29.0649642685713,-0.0791573142857161,12716.334187324
468.6,29.0588007771427,-0.0616349142857543,12719.2398246169
468.7,29.0539450799999,-0.0485569714285247,12722.1450195075
468.8,29.0499527314284,-0.0399234857142829,12725.0498361083
468.9,29.0463792857142,-0.035734457142837,12727.9542940875
469,29.0427802971427,-0.0359898857143151,12730.8583686683
469.1,29.0387113199999,-0.0406897714285889,12733.7619906297
469.2,29.0337279085713,-0.0498341142856589,12736.665046306
469.3,29.0273856171427,-0.0634229142857806,12739.5673775869
469.4,29.0192399999999,-0.0814561714285702,12742.4687864614
469.5,29.0089374902254,-0.10302509774435,12745.3690636529
469.6,28.9966063398495,-0.123311503759417,12748.2680202115
469.7,28.9825248315788,-0.140815082706695,12751.1654950155
469.8,28.9669712481202,-0.155535834586502,12754.0613547715
469.9,28.9502238721803,-0.167473759398582,12756.9554940144
470,28.932560986466,-0.176628857142873,12759.8478351074
470.1,28.9142608736841,-0.183001127819566,12762.7383282419
470.2,28.8956018165412,-0.186590571428405,12765.6269514376
470.3,28.8768620977442,-0.187397187969964,12768.5137105425
470.4,28.8583199999999,-0.18542097744367,12771.3985489624
470.5,28.8384483965412,-0.198716034586489,12774.2812750148
470.6,28.8160726520299,-0.223757445112844,12777.1616786367
470.7,28.7919997863157,-0.240728657142661,12780.039630467
470.8,28.767036819248,-0.249629670676705,12782.9150818465
470.9,28.7419907706766,-0.250460485714336,12785.788064818
471,28.717668660451,-0.243221102255745,12788.6586921265
471.1,28.6948775084209,-0.227911520300744,12791.5271572186
471.2,28.674424334436,-0.204531739849426,12794.3937342433
471.3,28.6571161583457,-0.173081760902335,12797.2587780512
471.4,28.6437599999999,-0.133561583458672,12800.1226707931
471.5,28.6340948382856,-0.0966516171428572,12802.9857222555
471.6,28.6269344091427,-0.0716042914286099,12805.8481538693
471.7,28.6216978679999,-0.0523654114284967,12808.7101289812
471.8,28.6178043702856,-0.0389349771429011,12811.5717528533
471.9,28.6146730714284,-0.0313129885714396,12814.4330726632
472,28.611723126857,-0.0294994457143042,12817.2940775042
472.1,28.6083736919999,-0.0334943485714305,12820.1546983849
472.2,28.6040439222856,-0.043297697142819,12823.0148082297
472.3,28.5981529731427,-0.0589094914285652,12825.8742218783
472.4,28.5901199999999,-0.0803297314286055,12828.7327554095
472.5,28.5805506239999,-0.0956937600000067,12831.5903076863
472.6,28.5704949119999,-0.100557120000037,12834.4468343663
472.7,28.5600386879999,-0.104562239999911,12837.3022996895
472.8,28.5492677759999,-0.107709120000013,12840.1566764783
472.9,28.5382679999999,-0.109997760000024,12843.0099461375
473,28.5271251839999,-0.111428160000038,12845.8620986543
473.1,28.5159251519999,-0.112000319999993,12848.7131325983
473.2,28.5047537279999,-0.11171423999992,12851.5630551215
473.3,28.4936967359999,-0.11056992000001,12854.4118819583
473.4,28.4828399999999,-0.108567360000041,12857.2596383358
473.5,28.4722875490908,-0.105524509090913,12860.1063531219
473.6,28.4620081745453,-0.102793745454576,12862.9520477729
473.7,28.4518848436362,-0.101233309090805,12865.7967320412
473.8,28.4418005236362,-0.100843200000014,12868.6404039765
473.9,28.4316381818181,-0.101623418181852,12871.4830499249
474,28.4212807854544,-0.103573963636414,12874.3246445292
474.1,28.410611301818,-0.106694836363637,12877.1651507292
474.2,28.3995126981817,-0.110986036363553,12880.0045197612
474.3,28.3878679418181,-0.116447563636385,12882.8426911583
474.4,28.3755599999999,-0.123079418181845,12885.6795654427
474.5,28.3619256872726,-0.136343127272767,12888.5149943729
474.6,28.3466529163635,-0.152727709090943,12891.3488345838
474.7,28.3301513018181,-0.165016145454423,12894.1809836718
474.8,28.3128304581817,-0.173208436363623,12897.0113801947
474.9,28.2950999999999,-0.177304581818255,12899.8400036718
475,28.277369541818,-0.177304581818255,12902.6668745838
475.1,28.2600486981817,-0.173208436363623,12905.4920543729
475.2,28.2435470836362,-0.165016145454391,12908.3156454427
475.3,28.2282743127271,-0.152727709091007,12911.1377911583
475.4,28.2146399999999,-0.136343127272735,12913.9586397612
475.5,28.2023320581817,-0.123079418181845,12916.7782907292
475.6,28.190687301818,-0.116447563636385,12919.5968045292
475.7,28.1795886981817,-0.110986036363553,12922.4142299249
475.8,28.1689192145453,-0.106694836363637,12925.2306039765
475.9,28.1585618181817,-0.103573963636414,12928.0459520412
476,28.1483994763635,-0.101623418181852,12930.8602877729
476.1,28.1383151563635,-0.100843199999982,12933.673613122
476.2,28.1281918254544,-0.101233309090805,12936.4859183358
476.3,28.117912450909,-0.102793745454608,12939.2971819583
476.4,28.1073599999999,-0.105524509090913,12942.1073654663
476.5,28.0963101599999,-0.110498400000008,12944.9164189583
476.6,28.0847596799999,-0.115504800000011,12947.7243030983
476.7,28.0729231199999,-0.118365599999944,12950.5310000063
476.8,28.0610150399999,-0.119080799999999,12953.3365132583
476.9,28.0492499999999,-0.117650400000048,12956.1408678863
477,28.0378425599999,-0.114074400000028,12958.9441103783
477.1,28.0270072799999,-0.108352800000002,12961.7463086783
477.2,28.0169587199999,-0.100485599999907,12964.5475521863
477.3,28.0079114399999,-0.0904728000000609,12967.3479517583
477.4,28.0000799999999,-0.0783143999999858,12970.1476191443
477.5,27.9932677199999,-0.0681227999999905,12972.9466356983
477.6,27.9870633599999,-0.0620436000000168,12975.7450568483
477.7,27.9813596399999,-0.0570371999999501,12978.5429272943
477.8,27.9760492799999,-0.0531035999999822,12981.3402810083
477.9,27.9710249999999,-0.0502428000000172,12984.1371412343
478,27.9661795199999,-0.0484548000000232,12986.9335204883
478.1,27.9614055599999,-0.0477395999999998,12989.7294205583
478.2,27.9565958399999,-0.0480971999999475,12992.5248325043
478.3,27.9516430799999,-0.049527600000026,12995.3197366583
478.4,27.9464399999999,-0.0520308000000113,12998.1140883203
478.5,27.9405932399999,-0.0584676000000286,13000.9078177583
478.6,27.9339955199999,-0.0659772000000167,13003.7008659683
478.7,27.9269686799999,-0.0702683999999323,13006.4932061303
478.8,27.9198345599999,-0.0713411999999991,13009.2848436083
478.9,27.9129149999999,-0.0691956000000572,13012.0758159503
479,27.9065318399999,-0.0638315999999789,13014.8661928883
479.1,27.9010069199999,-0.055249200000052,13017.6560763383
479.2,27.8966620799999,-0.0434483999999244,13020.4456004003
479.3,27.8938191599999,-0.0284292000000441,13023.2349313583
479.4,27.8927999999999,-0.0101915999999953,13026.0242113583
479.5,27.8927999999999,0,13028.8134913583
479.6,27.8927999999999,3.19744231092045e-14,13031.6027713583
479.7,27.8927999999999,-6.3948846218409e-14,13034.3920513583
479.8,27.8927999999999,6.3948846218409e-14,13037.1813313583
479.9,27.8927999999999,-3.19744231092045e-14,13039.9706113583
480,27.8927999999999,0,13042.7598913583
480.1,27.8927999999999,-3.19744231092045e-14,13045.5491713583
480.2,27.8927999999999,3.19744231092045e-14,13048.3384513583
480.3,27.8927999999999,0,13051.1277313583
480.4,27.8927999999999,0,13053.9170113583
480.5,27.8927999999999,0,13056.7062913583
480.6,27.8927999999999,3.19744231092045e-14,13059.4955713583
480.7,27.8927999999999,-6.3948846218409e-14,13062.2848513583
480.8,27.8927999999999,6.3948846218409e-14,13065.0741313583
480.9,27.8927999999999,-3.19744231092045e-14,13067.8634113583
481,27.8927999999999,0,13070.6526913583
481.1,27.8927999999999,-3.19744231092045e-14,13073.4419713583
481.2,27.8927999999999,3.19744231092045e-14,13076.2312513583
481.3,27.8927999999999,0,13079.0205313583
481.4,27.8927999999999,0,13081.8098113583
481.5,27.8927999999999,0,13084.5990913583
481.6,27.8927999999999,3.19744231092045e-14,13087.3883713583
481.7,27.8927999999999,-6.3948846218409e-14,13090.1776513583
481.8,27.8927999999999,6.3948846218409e-14,13092.9669313583
481.9,27.8927999999999,-3.19744231092045e-14,13095.7562113583
482,27.8927999999999,0,13098.5454913583
482.1,27.8927999999999,-3.19744231092045e-14,13101.3347713583
482.2,27.8927999999999,3.19744231092045e-14,13104.1240513583
482.3,27.8927999999999,0,13106.9133313583
482.4,27.8927999999999,0,13109.7026864543
482.5,27.8943019199999,0.0150192000000082,13112.4923204783
482.6,27.8983785599999,0.0407664000000452,13115.2824587183
482.7,27.9043862399999,0.060076799999905,13118.0732620943
482.8,27.9116812799999,0.0729504000000673,13120.8648271583
482.9,27.9196199999999,0.0793871999999887,13123.6571860943
483,27.9275587199999,0.0793872000000207,13126.4503067183
483.1,27.9348537599999,0.0729504000000355,13129.2440924783
483.2,27.9408614399999,0.060076799999937,13132.0383824543
483.3,27.9449380799999,0.0407664000000131,13134.8329513583
483.4,27.9464399999999,0.0150192000000082,13137.6275306072
483.5,27.9451449771427,-0.0129502285714267,13140.4218677098
483.6,27.9415970742856,-0.0354790285714231,13143.2157626655
483.7,27.9363020399999,-0.0529503428571338,13146.0090660486
483.8,27.929765622857,-0.0653641714285272,13148.8016790083
483.9,27.9224935714284,-0.0727205142857947,13151.5935532686
484,27.9149916342856,-0.075019371428585,13154.3846911283
484.1,27.9077655599999,-0.0722607428571856,13157.1751454612
484.2,27.9013210971427,-0.0644446285713407,13159.9650197158
484.3,27.8961639942856,-0.0515710285714661,13162.7544679155
484.4,27.8927999999999,-0.0336399428571462,13165.5436613949
484.5,27.8910695875323,-0.0173041246752987,13168.3327311539
484.6,27.8903255937661,-0.00743993766236173,13171.1217645492
484.7,27.8903423127271,0.000167189610380092,13173.9108263668
484.8,27.8908940384414,0.00551725714289475,13176.699958822
484.9,27.8917550649349,0.00861026493502237,13179.4891815595
485,27.8926996862336,0.00944621298705073,13182.2784916537
485.1,27.8935021963635,0.00802510129866008,13185.0678636079
485.2,27.8939368893505,0.00434692987013819,13187.8572493554
485.3,27.8937780592206,-0.0015883012987068,13190.6465782583
485.4,27.8927999999999,-0.00978059220777895,13193.4357625353
485.5,27.8908855396362,-0.0191446036363417,13196.2247115765
485.6,27.8880952843635,-0.0279025527272765,13199.0133398505
485.7,27.8844701956362,-0.036250887272729,13201.801565922
485.8,27.880051234909,-0.044189607272731,13204.589312452
485.9,27.8748793636362,-0.0517187127272827,13207.3765061973
486,27.8689955432726,-0.058838203636384,13210.1630780112
486.1,27.8624407352726,-0.0655480800000027,13212.9489628431
486.2,27.8552559010908,-0.0718483418181072,13215.7340997382
486.3,27.8474820021817,-0.0777389890909212,13218.5184318383
486.4,27.8391599999999,-0.0832200218182208,13221.3018345035
486.5,27.8288933039999,-0.102666960000025,13224.0840628103
486.6,27.8156728319999,-0.132204720000026,13226.8648524923
486.7,27.8001208079999,-0.155520239999856,13229.6440015055
486.8,27.7828594559999,-0.172613520000059,13232.4213700283
486.9,27.7645109999999,-0.183484560000029,13235.1968804615
487,27.7456976639999,-0.188133360000052,13237.9705174283
487.1,27.7270416719999,-0.18655992,13240.7423277743
487.2,27.7091652479999,-0.178764239999843,13243.5124205675
487.3,27.6926906159999,-0.164746320000059,13246.2809670983
487.4,27.6782399999999,-0.144506160000041,13249.0481638791
487.5,27.6656956154999,-0.125443844999989,13251.8141652031
487.6,27.6543308639999,-0.113647515000071,13254.5790744837
487.7,27.6438547484999,-0.104761154999903,13257.3429660347
487.8,27.6339762719999,-0.0987847650000263,13260.1058850702
487.9,27.6244044374999,-0.0957183450000266,13262.8678477045
488,27.6148482479999,-0.0955618949999995,13265.6288409522
488.1,27.6050167064999,-0.0983154150000409,13268.3888227283
488.2,27.5946188159999,-0.103978904999895,13271.1477218481
488.3,27.5833635794999,-0.112552365000042,13273.9054380271
488.4,27.5709599999999,-0.124035795000033,13276.6618628901
488.5,27.5575372604999,-0.134227394999996,13279.4169117083
488.6,27.5434391039999,-0.140981565000086,13282.1705184822
488.7,27.5286963734999,-0.14742730499982,13284.9226202965
488.8,27.5133399119999,-0.153564615000029,13287.6731573202
488.9,27.4974005624999,-0.159393495000074,13290.4220728067
489,27.4809091679999,-0.16491394500002,13293.1693130937
489.1,27.4638965714999,-0.170125965000025,13295.9148276031
489.2,27.4463936159999,-0.175029554999867,13298.6585688411
489.3,27.4284311444999,-0.179624715000024,13301.4004923983
489.4,27.4100399999999,-0.183911445000049,13304.1405394607
489.5,27.3909012479999,-0.191387520000013,13306.8786240143
489.6,27.3707898239999,-0.201114240000073,13309.6146573743
489.7,27.3498773759999,-0.209124479999822,13312.3485680207
489.8,27.3283355519999,-0.215418239999995,13315.0803015983
489.9,27.3063359999999,-0.219995520000111,13317.8098209167
490,27.2840503679999,-0.222856320000013,13320.5371059503
490.1,27.2616503039999,-0.22400064000005,13323.2621538383
490.2,27.2393074559999,-0.223428479999807,13325.9849788847
490.3,27.2171934719999,-0.221139840000085,13328.7056125583
490.4,27.1954799999999,-0.217134720000018,13331.4240984863
490.5,27.1742385599999,-0.212414400000025,13334.1404769583
490.6,27.1533308799999,-0.209076800000035,13336.8547741983
490.7,27.1326139199999,-0.207169599999834,13339.5670021263
490.8,27.1119446399999,-0.206692800000032,13342.2771583583
490.9,27.0911799999999,-0.207646400000115,13344.9852262063
491,27.0701769599999,-0.210030400000022,13347.6911746783
491.1,27.0487924799999,-0.21384480000004,13350.3949584783
491.2,27.0268835199999,-0.219089599999848,13353.0965180063
491.3,27.0043070399999,-0.225764800000054,13355.7957793583
491.4,26.9809199999999,-0.23387040000005,13358.4926510483
491.5,26.9565137999999,-0.244062000000045,13361.1870314583
491.6,26.9310943999998,-0.254194000000065,13363.8788282083
491.7,26.9048405999999,-0.262537999999772,13366.5679667983
491.8,26.8779311999999,-0.269094000000028,13369.2543906083
491.9,26.8505449999999,-0.273862000000066,13371.9380608983
492,26.8228607999999,-0.276842000000045,13374.6189568083
492.1,26.7950573999998,-0.278034000000062,13377.2970753583
492.2,26.7673135999999,-0.277437999999766,13379.9724314483
492.3,26.7398081999999,-0.275054000000051,13382.6450578583
492.4,26.7127199999999,-0.270882000000054,13385.3149993531
492.5,26.686109895652,-0.266101043478304,13387.9822961627
492.6,26.659826295652,-0.262836000000065,13390.6469739409
492.7,26.6337292695651,-0.260970260869354,13393.3090443488
492.8,26.6076788869564,-0.260503826087003,13395.968505054
492.9,26.5815352173912,-0.261436695652247,13398.6253397314
493,26.5551583304346,-0.263768869565276,13401.2795180627
493.1,26.528408295652,-0.267500347826121,13403.9309957366
493.2,26.5011451826086,-0.272631130434562,13406.5797144488
493.3,26.4732290608694,-0.279161217391361,13409.2256019018
493.4,26.4445199999998,-0.287090608695725,13411.8685558688
493.5,26.4145593391303,-0.299606608695683,13414.5084441499
493.6,26.3832062840578,-0.313530550724718,13417.1451443493
493.7,26.3507977043477,-0.32408579710118,13419.778567758
493.8,26.3176704695651,-0.33127234782619,13422.408659354
493.9,26.2841614492752,-0.335090202898595,13425.0353978021
494,26.2506075130433,-0.335539362318908,13427.6587954543
494.1,26.2173455304346,-0.332619826087033,13430.2788983493
494.2,26.1847123710144,-0.326331594202586,13432.8957862131
494.3,26.1530449043477,-0.316674666666781,13435.5095724583
494.4,26.1226799999998,-0.303649043478309,13438.1203031359
494.5,26.0919335519998,-0.307464480000076,13440.727876285
494.6,26.0595294293332,-0.324041226666732,13443.3321735797
494.7,26.0264164639999,-0.331129653333039,13445.9331715773
494.8,25.9935434879999,-0.328729760000051,13448.5309417183
494.9,25.9618593333332,-0.316841546666776,13451.1256503266
495,25.9323128319998,-0.295465013333406,13453.717558609
495.1,25.9058528159998,-0.264600160000069,13456.3070226557
495.2,25.8834281173332,-0.224246986666475,13458.8944934399
495.3,25.8659875679999,-0.174405493333364,13461.4805168183
495.4,25.8544799999998,-0.115075680000029,13464.0655807559
495.5,25.8467987519998,-0.0768124800000009,13466.6499252023
495.6,25.8400901759998,-0.0670857600000047,13469.2336388423
495.7,25.8341826239999,-0.0590755199999684,13471.8167931959
495.8,25.8289044479999,-0.0527817599999878,13474.3994426183
495.9,25.8240839999998,-0.048204480000031,13476.9816242999
496,25.8195496319999,-0.0453436799999701,13479.5633582663
496.1,25.8151296959999,-0.0441993600000288,13482.1446473783
496.2,25.8106525439999,-0.0447715199999515,13484.7254773319
496.3,25.8059465279999,-0.0470601599999938,13487.3058166583
496.4,25.8008399999999,-0.0510652800000279,13489.8856228031
496.5,25.7952828959999,-0.0555710400000144,13492.4648582183
496.6,25.7894254079999,-0.058574880000016,13495.0434993023
496.7,25.7833962719999,-0.060291359999944,13497.6215353271
496.8,25.7773242239999,-0.0607204800000218,13500.1989684383
496.9,25.7713379999999,-0.0598622400000259,13502.7758136551
497,25.7655663359999,-0.0577166399999883,13505.3520988703
497.1,25.7601379679998,-0.0542836800000365,13507.9278648503
497.2,25.7551816319999,-0.0495633599999791,13510.5031652351
497.3,25.7508260639998,-0.0435556800000079,13513.0780665383
497.4,25.7471999999999,-0.0362606399999948,13515.65264961
497.5,25.7444614341817,-0.0273856581818066,13518.2270032976
497.6,25.7426123170908,-0.0184911709090869,13520.8012112794
497.7,25.7415473192726,-0.0106499781818066,13523.375346701
497.8,25.7411611112726,-0.00386207999999755,13525.9494721747
497.9,25.7413483636362,0.00187252363634017,13528.5236397802
498,25.7420037469089,0.00655383272727051,13531.0978910642
498.1,25.7430219316362,0.0101818472727295,13533.6722570402
498.2,25.7442975883635,0.0127565672727172,13536.246758189
498.3,25.7457253876362,0.0142779927272656,13538.8214044583
498.4,25.7471999999999,0.0147461236363746,13541.396225009
498.5,25.7492110123635,0.020110123636389,13543.9712979602
498.6,25.7522480116362,0.0303699927272447,13546.5467206442
498.7,25.7562056683635,0.039576567272693,13549.1225798602
498.8,25.7609786530908,0.04772984727283,13551.6989518747
498.9,25.7664616363635,0.054829832727208,13554.275902421
499,25.7725492887271,0.0608765236364021,13556.8534866994
499.1,25.7791362807271,0.0658699200000612,13559.4317493776
499.2,25.7861172829089,0.069810021818057,13562.01072459
499.3,25.793386965818,0.0726968290909333,13564.5904359383
499.4,25.8008399999999,0.0745303418182103,13567.1709593962
499.5,25.809629157818,0.0878915781818534,13569.7524803631
499.6,25.820790178909,0.111610210909138,13572.3352219812
499.7,25.8340421847271,0.13252005818164,13574.9193793053
499.8,25.8491042967271,0.150621120000096,13577.505119302
499.9,25.8656956363635,0.16591339636361,13580.09258085
500,25.8835353250908,0.178396887272758,13582.6818747405
500.1,25.9023424843635,0.188071592727346,13585.2730836765
500.2,25.9218362356362,0.194937512727091,13587.8662622733
500.3,25.9417357003635,0.198994647272755,13590.4614370583
500.4,25.9617599999998,0.20024299636367,13593.0587603274
500.5,25.9847053807791,0.229453807792253,13595.658622928
500.6,26.0125466306492,0.278412498701372,13598.2614387937
500.7,26.0437706836362,0.312240529869876,13600.8674705515
500.8,26.0768644737661,0.330937901298758,13603.476829522
500.9,26.1103149350648,0.33450461298709,13606.0894757188
501,26.1426090015583,0.322940664935159,13608.7052178492
501.1,26.1722336072726,0.296246057142874,13611.3237133139
501.2,26.1976756862336,0.254420789610229,13613.9444682069
501.3,26.2174221724674,0.197464862337707,13616.5668373155
501.4,26.2299599999998,0.125378275324699,13619.1902256538
501.5,26.2378067657141,0.0784676571428662,13621.8143465612
501.6,26.244611382857,0.0680461714285983,13624.4391050183
501.7,26.2505577599998,0.0594637714285114,13627.0644243966
501.8,26.2558298057141,0.0527204571428932,13629.6902464583
501.9,26.2606114285713,0.0478162285713922,13632.3165313566
502,26.2650865371427,0.0447510857142958,13634.9432576355
502.1,26.2694390399998,0.0435250285714445,13637.5704222298
502.2,26.2738528457141,0.0441380571428063,13640.1980404652
502.3,26.278511862857,0.0465901714285727,13642.8261460583
502.4,26.2835999999998,0.0508813714285843,13645.4547839135
502.5,26.2891571039998,0.0555710400000144,13648.0839924983
502.6,26.2950145919999,0.0585748800000481,13650.7137954143
502.7,26.3010437279998,0.060291359999912,13653.3442033895
502.8,26.3071157759998,0.0607204800000218,13655.9752142783
502.9,26.3131019999998,0.0598622400000259,13658.6068130615
503,26.3188736639998,0.0577166400000202,13661.2389718463
503.1,26.3243020319998,0.0542836800000047,13663.8716498663
503.2,26.3292583679998,0.0495633599999791,13666.5047934815
503.3,26.3336139359998,0.0435556800000079,13669.1383361783
503.4,26.3372399999998,0.0362606399999948,13671.7722025925
503.5,26.3400882839999,0.0284828400000378,13674.4063178963
503.6,26.3422177919999,0.0212950799999802,13677.0406118213
503.7,26.3436607079998,0.0144291599999491,13679.6750173175
503.8,26.3444492159998,0.00788508000004028,13682.3094705533
503.9,26.3446154999998,0.00166283999999806,13684.9439109155
504,26.3441917439998,-0.00423755999998576,13687.5782810093
504.1,26.3432101319998,-0.00981612000000709,13690.2125266583
504.2,26.3417028479998,-0.015072840000002,13692.8465969045
504.3,26.3397020759998,-0.0200077200000023,13695.4804440083
504.4,26.3372399999998,-0.0246207600000083,13698.1139963603
504.5,26.3338070399999,-0.034329599999964,13700.7471410483
504.6,26.3290867199998,-0.0472032000000304,13703.3797654283
504.7,26.3234008799998,-0.0568583999999923,13706.0117890403
504.8,26.3170713599998,-0.0632952000000095,13708.6431636083
504.9,26.3104199999998,-0.0665136000000502,13711.2738730403
505,26.3037686399998,-0.0665135999999861,13713.9039334283
505.1,26.2974391199998,-0.0632952000000095,13716.5333930483
505.2,26.2917532799998,-0.0568583999999604,13719.1623323603
505.3,26.2870329599998,-0.0472032000000304,13721.7908640083
505.4,26.2835999999998,-0.034329599999996,13724.4191219704
505.5,26.281559241818,-0.0204075818181869,13727.0472316911
505.6,26.2806351709089,-0.00924070909087859,13729.6752924042
505.7,26.2805790927271,-0.000560781818197853,13732.3033784745
505.8,26.2811423127271,0.0056321999999831,13734.931539397
505.9,26.2820761363635,0.00933823636366426,13737.5597997972
506,26.2831318690907,0.0105573272726858,13740.1881594315
506.1,26.2840608163635,0.00928947272730342,13742.8165931865
506.2,26.2846142836362,0.00553467272726138,13745.4450510795
506.3,26.2845435763635,-0.000707072727248458,13748.0734582583
506.4,26.2835999999998,-0.009435763636386,13750.7017241445
506.5,26.2817177236362,-0.0188227636363791,13753.3297605165
506.6,26.2790097163635,-0.0270800727272338,13755.9574857765
506.7,26.2754954836362,-0.035142327272709,13758.5848202772
506.8,26.2711945309089,-0.0430095272727407,13761.211686322
506.9,26.2661263636362,-0.0506816727272969,13763.8380081645
507,26.2603104872726,-0.0581587636363778,13766.4637120092
507.1,26.2537664072726,-0.0654407999999833,13769.0887260111
507.2,26.2465136290908,-0.0725277818181134,13771.7129802754
507.3,26.2385716581817,-0.0794197090909278,13774.3364068583
507.4,26.2299599999998,-0.086116581818203,13776.9588879143
507.5,26.2196611199998,-0.10298880000002,13779.5802174983
507.6,26.2069305599998,-0.12730560000001,13782.2001738983
507.7,26.1921974399999,-0.147331199999893,13784.8185783143
507.8,26.1758908799999,-0.163065600000021,13787.4352948583
507.9,26.1584399999998,-0.174508800000073,13790.0502305543
508,26.1402739199998,-0.181660800000049,13792.6633353383
508.1,26.1218217599998,-0.184521600000047,13795.2746020583
508.2,26.1035126399999,-0.183091199999809,13797.8840664743
508.3,26.0857756799999,-0.17736960000007,13800.4918072583
508.4,26.0690399999998,-0.167356800000032,13803.0979066583
508.5,26.0529479999998,-0.160920000000047,13805.7023968583
508.6,26.0368559999998,-0.160920000000015,13808.3052778583
508.7,26.0207639999999,-0.160919999999855,13810.9065496583
508.8,26.0046719999999,-0.160920000000047,13813.5062122583
508.9,25.9885799999998,-0.160920000000047,13816.1042656583
509,25.9724879999999,-0.160919999999983,13818.7007098583
509.1,25.9563959999998,-0.160920000000079,13821.2955448583
509.2,25.9403039999999,-0.160919999999855,13823.8887706583
509.3,25.9242119999999,-0.160920000000015,13826.4803872583
509.4,25.9081199999999,-0.160920000000047,13829.0703584513
509.5,25.8913038599999,-0.168161400000034,13831.6585917083
509.6,25.8733612799998,-0.179425800000033,13834.2449985233
509.7,25.8547750199999,-0.185862599999825,13836.8295386663
509.8,25.8360278399999,-0.187471800000054,13839.4122201833
509.9,25.8176024999999,-0.184253400000045,13841.9930993963
510,25.7999817599999,-0.176207400000024,13844.5722809033
510.1,25.7836483799998,-0.163333800000053,13847.1499175783
510.2,25.7690851199999,-0.145632599999878,13849.7262105713
510.3,25.7567747399999,-0.12310380000001,13852.3014093083
510.4,25.7471999999999,-0.0957474000000324,13854.8757524873
510.5,25.7396635799999,-0.0753642000000099,13857.4493876183
510.6,25.7330390399999,-0.0662454000000175,13860.0223978433
510.7,25.7271654599999,-0.0587357999999334,13862.5948502123
510.8,25.7218819199999,-0.0528353999999815,13865.1667956833
510.9,25.7170274999999,-0.0485442000000661,13867.7382691223
511,25.7124412799999,-0.0458621999999948,13870.3092893033
511.1,25.7079623399999,-0.044789400000056,13872.8798589083
511.2,25.7034297599999,-0.0453257999999294,13875.4499645273
511.3,25.6986826199999,-0.0474713999999991,13878.0195766583
511.4,25.6935599999999,-0.0512262000000092,13880.5886644583
511.5,25.6881959999999,-0.0536400000000157,13883.1572158583
511.6,25.6828319999999,-0.0536400000000157,13885.7252308583
511.7,25.6774679999999,-0.0536399999999518,13888.2927094583
511.8,25.6721039999999,-0.0536400000000157,13890.8596516583
511.9,25.6667399999999,-0.0536400000000157,13893.4260574583
512,25.6613759999999,-0.0536400000000157,13895.9919268583
512.1,25.6560119999999,-0.0536400000000157,13898.5572598583
512.2,25.6506479999999,-0.0536399999999197,13901.1220564583
512.3,25.6452839999999,-0.0536400000000477,13903.6863166583
512.4,25.6399199999999,-0.0536400000000157,13906.2500283893
512.5,25.6343146199999,-0.0560538000000221,13908.8131608083
512.6,25.6283337599999,-0.0598086000000002,13911.3756844133
512.7,25.6221383399999,-0.061954199999942,13913.9375857943
512.8,25.6158892799999,-0.0624906000000074,13916.4988676333
512.9,25.6097474999999,-0.0614178000000045,13919.0595487043
513,25.6038739199999,-0.0587358000000293,13921.6196638733
513.1,25.5984294599999,-0.0544445999999858,13924.1792640983
513.2,25.5935750399999,-0.0485441999999381,13926.7384164293
513.3,25.5894715799999,-0.0410346000000139,13929.2972040083
513.4,25.5862799999999,-0.0319157999999896,13931.8558112228
513.5,25.5858642899999,-0.00415709999997916,13934.4145829333
513.6,25.5895699199999,0.0370562999999926,13936.9739004308
513.7,25.5967800299999,0.0721010999999799,13939.5340833203
513.8,25.6068777599999,0.100977300000014,13942.0953895208
513.9,25.6192462499999,0.123684900000001,13944.6580152653
514,25.6332686399999,0.140223900000002,13947.2220951008
514.1,25.6483280699999,0.150594300000019,13949.7877018883
514.2,25.6638076799999,0.15479609999986,13952.3548468028
514.3,25.6790906099999,0.152829300000036,13954.9234793333
514.4,25.6935599999999,0.144693900000036,13957.4935762358
514.5,25.7083780499999,0.148180500000045,13960.0652465783
514.6,25.7250287999999,0.166507500000009,13962.6386669258
514.7,25.7433781499999,0.183493499999841,13965.2140004333
514.8,25.7632919999999,0.199138500000054,13967.7913968458
514.9,25.7846362499999,0.213442500000038,13970.3709924983
515,25.8072767999999,0.226405500000052,13972.9529103158
515.1,25.8310795499999,0.238027500000029,13975.5372598133
515.2,25.8559103999998,0.248308499999812,13978.1241370958
515.3,25.8816352499999,0.257248500000039,13980.7136248583
515.4,25.9081199999999,0.26484750000007,13983.3059970161
515.5,25.9393231542856,0.31203154285722,13985.9018542412
515.6,25.9778213485713,0.384981942857224,13988.5018156926
515.7,26.0214076799998,0.43586331428536,13991.1062798389
515.8,26.0678752457141,0.464675657142973,13993.7154244583
515.9,26.115017142857,0.471418971428655,13996.3292066389
516,26.1606264685713,0.456093257142949,13998.9473627783
516.1,26.2024963199999,0.418698514285762,14001.5694085841
516.2,26.2384197942856,0.359234742856835,14004.1946390732
516.3,26.2661899885713,0.277701942857256,14006.8221285726
516.4,26.2835999999999,0.174100114285746,14009.4510489365
516.5,26.294807276883,0.112072768831183,14012.0810540822
516.6,26.3052956384414,0.104883615584487,14014.7120612511
516.7,26.3148477381817,0.0955209974024988,14017.3439659495
516.8,26.3232462296103,0.083984914285729,14019.9766419492
516.9,26.3302737662336,0.070275366233762,14022.6099412876
517,26.3357130015583,0.054392353246822,14025.2436942672
517.1,26.3393465890908,0.036335875324621,14027.8777094557
517.2,26.3409571823375,0.0161059324675428,14030.5117736866
517.3,26.3403274348051,-0.00629747532463653,14033.1456520583
517.4,26.3372399999999,-0.0308743480519808,14035.7791473569
517.5,26.332665970909,-0.0457402909091087,14038.4121686729
517.6,26.3277603490908,-0.0490562181818071,14041.0446857729
517.7,26.322581650909,-0.0517869818181751,14043.6766742751
517.8,26.3171883927271,-0.0539325818181808,14046.3081156492
517.9,26.311639090909,-0.0554930181818242,14048.9389972169
518,26.305992261818,-0.0564682909091054,14051.5693121511
518.1,26.300306421818,-0.0568584000000243,14054.1990594765
518.2,26.2946400872726,-0.0566633454544849,14056.8282440696
518.3,26.2890517745453,-0.0558831272727431,14059.4568766583
518.4,26.2835999999999,-0.054517745454575,14062.0849877687
518.5,26.2786222079999,-0.0497779200000182,14064.7126311383
518.6,26.2742451839999,-0.0437702399999829,14067.3398539703
518.7,26.2702114559999,-0.0403372799999672,14069.9666777207
518.8,26.2662635519999,-0.0394790400000353,14072.5930980983
518.9,26.2621439999999,-0.0411955199999631,14075.2190850647
519,26.2575953279999,-0.0454867200000067,14077.8445828343
519.1,26.2523600639999,-0.0523526400000378,14080.4695098743
519.2,26.2461807359999,-0.0617932799998969,14083.0937589047
519.3,26.2387998719999,-0.0738086399999993,14085.7171968983
519.4,26.2299599999999,-0.0883987200000576,14088.3393432407
519.5,26.2129668479999,-0.169931520000084,14090.9591337143
519.6,26.1828426239998,-0.301242240000065,14093.5753710743
519.7,26.1419045759999,-0.409380479999644,14096.1870898007
519.8,26.0924699519999,-0.49434624000007,14098.7935560983
519.9,26.0368559999999,-0.556139520000158,14101.3942678967
520,25.9773799679998,-0.594760320000133,14103.9889548503
520.1,25.9163591039998,-0.610208640000124,14106.5775783383
520.2,25.8561106559999,-0.602484479999489,14109.1603314647
520.3,25.7989518719999,-0.571587840000117,14111.7376390583
520.4,25.7471999999999,-0.517518720000119,14114.3099452583
520.5,25.6989239999999,-0.482760000000077,14116.8774238583
520.6,25.6506479999998,-0.48276000000011,14119.4400748583
520.7,25.6023719999999,-0.482759999999566,14121.9978982583
520.8,25.5540959999999,-0.482760000000077,14124.5508940583
520.9,25.5058199999999,-0.48276000000014,14127.0990622583
521,25.4575439999998,-0.48276000000014,14129.6424028583
521.1,25.4092679999998,-0.482760000000077,14132.1809158583
521.2,25.3609919999999,-0.482759999999566,14134.7146012583
521.3,25.3127159999999,-0.48276000000011,14137.2434590583
521.4,25.2644399999999,-0.48276000000011,14139.7673237406
521.5,25.2128536457141,-0.515863542857254,14142.2857723155
521.6,25.1561178514284,-0.567357942857263,14144.7984001841
521.7,25.0964395199999,-0.596783314285184,14147.3050234378
521.8,25.0360255542856,-0.604139657142994,14149.8056788583
521.9,24.9770828571427,-0.589426971428714,14152.3006239178
522,24.9218183314284,-0.552645257142983,14154.7903367783
522.1,24.8724388799998,-0.493794514285803,14157.2755162926
522.2,24.8311514057142,-0.412874742856786,14159.7570820035
522.3,24.8001628114284,-0.309885942857278,14162.2361741441
522.4,24.7816799999999,-0.184828114285744,14164.7138040265
522.5,24.7709176492609,-0.107623507389157,14167.190428225
522.6,24.7615663211821,-0.0935132807882581,14169.6661838783
522.7,24.7535467448274,-0.0801957635466977,14172.141200198
522.8,24.7467796492609,-0.0676709556650507,14174.6155984687
522.9,24.7411857635467,-0.0559388571428698,14177.0894920477
523,24.7366858167486,-0.0449994679803466,14179.5629863654
523.1,24.7332005379309,-0.0348527881772896,14182.0361789251
523.2,24.7306506561575,-0.0254988177339541,14184.509159303
523.3,24.7289569004925,-0.0169375566503085,14186.982009148
523.4,24.7280399999999,-0.00916900492609685,14189.4547875262
523.5,24.7275275650973,-0.00512434902546133,14191.9275191967
523.6,24.727105843718,-0.00421721379312246,14194.4002136649
523.7,24.7267835211993,-0.00322322518742623,14196.8728813051
523.8,24.7265692828784,-0.00214238320837268,14199.34553336
523.9,24.7264718140928,-0.000974687856089674,14201.8181819407
524,24.7264998001798,0.000279860869582648,14204.290840027
524.1,24.7266619264766,0.00162126296851639,14206.7635214673
524.2,24.7269668783207,0.00304951844077549,14209.2362409782
524.3,24.7274233410493,0.004564627286328,14211.7090141453
524.4,24.7280399999999,0.00616658950526983,14214.1818785486
524.5,24.7292480660868,0.0120806608695823,14216.654913667
524.6,24.7314543026086,0.0220623652174226,14219.1282179183
524.7,24.7346307234781,0.0317642086955842,14221.6018869216
524.8,24.7387493426086,0.0411861913043872,14224.0760134975
524.9,24.7437821739129,0.0503283130434796,14226.5506876677
525,24.7497012313042,0.0591905739130531,14229.0259966557
525.1,24.7564785286955,0.0677729739130762,14231.5020248862
525.2,24.7640860799999,0.0760755130433885,14233.9788539851
525.3,24.7724958991303,0.0840981913043742,14236.4565627801
525.4,24.7816799999999,0.0918410086956811,14238.9354542006
525.5,24.7961484099906,0.144684099907554,14241.4162362698
525.6,24.819492974653,0.233445646623548,14243.8997263403
525.7,24.8503084351525,0.308154604995113,14246.3866012387
525.8,24.8871895326548,0.368810975023213,14248.8773972657
525.9,24.9287310083255,0.415414756706819,14251.3725101963
526,24.9735276033301,0.447965950046353,14253.8721952794
526.1,25.0201740588343,0.466464555041715,14256.3765672382
526.2,25.0672651160035,0.470910571692457,14258.8856002698
526.3,25.1133955160036,0.461304000000115,14261.3991280456
526.4,25.1571599999999,0.437644839963092,14263.9169786916
526.5,25.1998529214762,0.426929214763447,14266.4391574219
526.6,25.2437216839252,0.438687624489883,14268.9657830363
526.7,25.2887906035257,0.450689196004848,14271.4969767663
526.8,25.3350839964566,0.462933929309684,14274.0328622751
526.9,25.382626178897,0.475421824403017,14276.5735656573
527,25.4314414670255,0.488152881285422,14279.1192154395
527.1,25.4815541770212,0.501127099956677,14281.6699425797
527.2,25.5329886250628,0.514344480416393,14284.2258804673
527.3,25.5857691273294,0.527805022666176,14286.7871649236
527.4,25.6399199999999,0.541508726704421,14289.3540589408
527.5,25.6979603433086,0.580403433087412,14291.9270267482
527.6,25.7613958038731,0.634354605644972,14294.5065330642
527.7,25.8287305174466,0.673347135735401,14297.0928930211
527.8,25.8984686197827,0.697381023360969,14299.6862721644
527.9,25.9691142466347,0.706456268519467,14302.2866864534
528,26.0391715337558,0.700572871211666,14304.894002261
528.1,26.1071446168996,0.67973083143734,14307.5079363734
528.2,26.1715376318192,0.64393014919617,14310.1280559907
528.3,26.2308547142682,0.593170824489914,14312.7537787264
528.4,26.2835999999999,0.527452857316685,14315.3844485561
528.5,26.3297965940424,0.461965940425629,14318.0194976924
528.6,26.3711861310637,0.413895370212857,14320.658499526
528.7,26.4088505412764,0.376644102127348,14323.3011356408
528.8,26.4438717548935,0.350212136170284,14325.9471958136
528.9,26.4773317021275,0.334599472340485,14328.5965780144
529,26.5103123131914,0.32980611063843,14331.249288406
529.1,26.5438955182977,0.335832051063861,14333.9054413443
529.2,26.5791632476594,0.352677293616715,14336.5652593782
529.3,26.6171974314892,0.380341838297984,14339.2290732498
529.4,26.6590799999999,0.418825685106452,14341.8972286517
529.5,26.7040280374467,0.44948037446822,14344.5699487034
529.6,26.7503729974467,0.46344960000009,14347.2473607715
529.7,26.7978683642552,0.474953668084667,14349.9295675708
529.8,26.8462676221275,0.483992578723516,14352.6166471647
529.9,26.895324255319,0.490566331915009,14355.3086529649
530,26.944791748085,0.494674927659688,14358.0056137315
530.1,26.9944235846807,0.496318365957553,14360.7075335732
530.2,27.0439732493615,0.495496646808093,14363.414391947
530.3,27.0931942263828,0.492209770212842,14366.1261436583
530.4,27.1418399999999,0.486457736170329,14368.8427670162
530.5,27.1906271576469,0.487871576470685,14371.5643088466
530.6,27.2402094494116,0.495822917647206,14374.2908316242
530.7,27.2902461035292,0.500366541175985,14377.0223637468
530.8,27.3403963482351,0.501502447058972,14379.7588995348
530.9,27.3903194117646,0.499230635294214,14382.5003992315
531,27.4396745223528,0.493551105882482,14385.246789003
531.1,27.4881209082352,0.484463858823614,14387.9979609383
531.2,27.5353177976469,0.471968894117225,14390.7537730492
531.3,27.5809244188234,0.456066211764821,14393.5140492701
531.4,27.6245999999999,0.436755811764802,14396.2786213057
531.5,27.6668407111763,0.422407111764827,14399.0473785233
531.6,27.7083036423528,0.414629311764773,14401.8202381755
531.7,27.7488894017645,0.405857594117272,14404.5971075755
531.8,27.7884985976469,0.396091958823664,14407.3778840973
531.9,27.8270318382351,0.385332405882415,14410.1624551758
532,27.8643897317646,0.373578935294198,14412.9506983067
532.1,27.9004728864705,0.360831547058882,14415.7424810466
532.2,27.9351819105881,0.34709024117615,14418.5376610127
532.3,27.9684174123528,0.332355017647152,14421.3360858833
532.4,28.0000799999998,0.316625876470642,14424.1376227315
532.5,28.0306569629031,0.305769629032312,14426.9421876441
532.6,28.0606412903224,0.299843274193634,14429.7497168157
532.7,28.0899421403224,0.293008499999761,14432.5601373562
532.8,28.1184686709676,0.285265306451684,14435.3733672918
532.9,28.1461300403224,0.276613693548413,14438.1893155641
533,28.1728354064515,0.267053661290394,14441.0078820308
533.1,28.1984939274192,0.2565852096775,14443.8289574653
533.2,28.2230147612902,0.24520833870941,14446.6524235566
533.3,28.2463070661289,0.232923048387181,14449.4781529099
533.4,28.2682799999999,0.219729338709727,14452.3059623223
533.5,28.2879082469478,0.196282469478947,14455.1355943233
533.6,28.3047317740942,0.168235271464052,14457.9668062953
533.7,28.319507664119,0.147758900247975,14460.7994313284
533.8,28.3329929997021,0.134853355831325,14463.6333782216
533.9,28.3459448635234,0.129518638213398,14466.4686314817
534,28.3591203382629,0.131754747394609,14469.3052513239
534.1,28.3732765066004,0.141561683374704,14472.1433736718
534.2,28.3891704512157,0.158939446153681,14474.9832101571
534.3,28.4075592547889,0.183888035732054,14477.8250481199
534.4,28.4291999999999,0.216407452109213,14480.669254242
534.5,28.4549224430768,0.257224430769302,14483.5162232368
534.6,28.4844574523076,0.295350092307781,14486.3662917983
534.7,28.5169137784614,0.324563261538159,14489.2197074959
534.8,28.5514001723075,0.344863938461618,14492.0766287737
534.9,28.5870253846152,0.356252123077006,14494.9371249513
535,28.6228981661537,0.358727815384675,14497.8011762229
535.1,28.6581272676922,0.352291015384722,14500.6686736583
535.2,28.6918214399998,0.336941723076635,14503.539419202
535.3,28.723089433846,0.312679938461627,14506.4131256737
535.4,28.7510399999999,0.279505661538519,14509.2895323755
535.5,28.7770940358041,0.260540358042033,14512.1685390043
535.6,28.8030385409789,0.259445051748337,14515.0501175024
535.7,28.82853141986,0.25492878881095,14517.9342056022
535.8,28.8532305767831,0.246991569230801,14520.8207068269
535.9,28.8767939160838,0.235633393007057,14523.7094904898
536,28.8988793420978,0.220854260139908,14526.6003916948
536.1,28.9191447591607,0.202654170629422,14529.4932113364
536.2,28.9372480716082,0.181033124475341,14532.3877160991
536.3,28.9528471837761,0.155991121678369,14535.2836384583
536.4,28.9655999999999,0.127528162237802,14538.1806724122
536.5,28.9750790772191,0.0947907721925033,14541.0785062044
536.6,28.9815967674865,0.0651769026738478,14543.9768820762
536.7,28.9859206678073,0.0432390032084342,14546.8756190283
536.8,28.988818375187,0.0289770737968382,14549.7746128214
536.9,28.9910574866309,0.0223911144385483,14552.6738359757
537,28.9934055991442,0.0234811251336281,14555.5733377712
537.1,28.9966303097325,0.0322471058823979,14558.4732442474
537.2,29.0014992154009,0.0486890566844735,14561.3737582038
537.3,29.0087799131549,0.072806977540111,14564.2751591995
537.4,29.0192399999999,0.104600868449182,14567.1777344522
537.5,29.0322650541175,0.130250541176529,14570.0816765783
537.6,29.0465774682352,0.1431241411765,14572.9871029548
537.7,29.0619500611763,0.153725929411585,14575.8941082404
537.8,29.0781556517646,0.162055905882426,14578.802764376
537.9,29.0949670588234,0.168114070588317,14581.713120584
538,29.1121571011763,0.171900423529387,14584.6252033689
538.1,29.1294985976469,0.173414964705955,14587.5390165172
538.2,29.1467643670587,0.172657694117511,14590.4545410969
538.3,29.1637272282352,0.169628611764693,14593.3717354583
538.4,29.1801599999999,0.164327717647119,14596.2905464031
538.5,29.1960588959999,0.158988960000016,14599.2109322183
538.6,29.2116574079999,0.155985120000047,14602.1328693023
538.7,29.2270842719999,0.154268639999863,14605.0563469271
538.8,29.2424682239999,0.153839520000041,14607.9813672383
538.9,29.2579379999999,0.154697760000005,14610.9079452551
539,29.2736223359999,0.156843360000075,14613.8361088703
539.1,29.2896499679999,0.160276319999994,14616.7658988503
539.2,29.3061496319999,0.164996639999828,14619.6973688351
539.3,29.3232500639999,0.171004320000023,14622.6305853383
539.4,29.3410799999999,0.178299360000068,14625.5656478621
539.5,29.3601704759999,0.190904760000038,14628.5026929203
539.6,29.3807306879999,0.205602120000052,14631.4418497853
539.7,29.4024066119999,0.216759239999775,14634.3832123271
539.8,29.4248442239999,0.224376120000103,14637.3268390133
539.9,29.4476894999999,0.228452760000074,14640.2727529091
540,29.4705884159999,0.228989160000013,14643.2209416773
540.1,29.4931869479999,0.225985320000041,14646.1713575783
540.2,29.5151310719999,0.219441239999782,14649.1239174701
540.3,29.5360667639999,0.209356920000061,14652.0785028083
540.4,29.5556399999999,0.19573236000005,14655.0350110639
540.5,29.5745251114284,0.188851114285754,14657.9934105126
540.6,29.593463862857,0.189387514285754,14660.9536938748
540.7,29.6122033799999,0.187395171428407,14663.9158285832
540.8,29.6304907885713,0.182874085714346,14666.8797567833
540.9,29.6480732142856,0.175824257142871,14669.8453953332
541,29.664697782857,0.166245685714365,14672.8126358033
541.1,29.6801116199999,0.154138371428573,14675.7813444769
541.2,29.6940618514284,0.139502314285622,14678.7513623496
541.3,29.706295602857,0.122337514285704,14681.7225051298
541.4,29.7165599999999,0.102643971428627,14684.694576993
541.5,29.7248772651427,0.083172651428626,14687.6673918469
541.6,29.7314198125713,0.0654254742857177,14690.6407708403
541.7,29.7361600559999,0.0474024342856439,14693.6145323636
541.8,29.7390704091427,0.0291035314285963,14696.5884920483
541.9,29.7401232857142,0.0105287657143194,14699.5624627676
542,29.7392910994284,-0.00832186285718706,14702.5362546358
542.1,29.7365462639999,-0.0274483542857312,14705.5096750086
542.2,29.7318611931427,-0.0468507085713767,14708.4825284833
542.3,29.7252083005713,-0.0665289257143158,14711.4546168983
542.4,29.7165599999999,-0.0864830057142924,14714.42568655
542.5,29.7048330338822,-0.117269661176508,14717.3953961437
542.6,29.6893588404705,-0.154741934117681,14720.3634006796
542.7,29.6707318771764,-0.186269632941035,14723.3294146036
542.8,29.6495466014116,-0.21185275764708,14726.2932118072
542.9,29.6263974705881,-0.231491308235306,14729.2546256278
543,29.6018789421175,-0.245185284705968,14732.2135488486
543.1,29.5765854734116,-0.252934687058875,14735.1699336983
543.2,29.5511115218822,-0.254739515293899,14738.1237918517
543.3,29.5260515449411,-0.250599769411806,14741.0751944289
543.4,29.5019999999999,-0.240515449411831,14744.0242243422
543.5,29.4785982653444,-0.234017346554687,14746.9709022812
543.6,29.4549605146889,-0.236377506554667,14749.9151948268
543.7,29.4308903985881,-0.240701161008204,14752.8570489252
543.8,29.4061915675965,-0.246988309915998,14755.7963918872
543.9,29.3806676722688,-0.255238953277349,14758.7331313889
544,29.3541223631595,-0.26545309109251,14761.6671554716
544.1,29.3263592908234,-0.277630723361419,14764.5983325415
544.2,29.297182105815,-0.291771850083755,14767.5265113697
544.3,29.266394458689,-0.307876471260606,14770.4515210926
544.4,29.2337999999999,-0.325944586890821,14773.3730964323
544.5,29.1977067934284,-0.360932065714393,14776.290832987
544.6,29.1570243017141,-0.40682491714292,14779.2043071158
544.7,29.1124582739999,-0.445660277142487,14782.1131657525
544.8,29.0647144594285,-0.477438145714373,14785.0171264058
544.9,29.0144986071427,-0.502158522857236,14787.9159771595
545,28.9625164662856,-0.519821408571588,14790.8095766721
545.1,28.9094737859999,-0.530426802857234,14793.6978541772
545.2,28.8560763154285,-0.533974705713796,14796.5808094831
545.3,28.8030298037142,-0.530465117142996,14799.4585129733
545.4,28.7510399999999,-0.519898037142947,14802.3310770036
545.5,28.7002406053971,-0.507993946027479,14805.1985770064
545.6,28.6497594503012,-0.504811550959018,14808.0610046528
545.7,28.5987934777807,-0.509659725205051,14810.9182713082
545.8,28.546539630904,-0.522538468767205,14813.7702080324
545.9,28.4921948527396,-0.543447781643981,14816.6165655794
546,28.434956086356,-0.57238766383576,14819.4570143974
546.1,28.3740202748218,-0.609358115342605,14822.2911446292
546.2,28.3085843612054,-0.654359136163816,14825.1184661117
546.3,28.2378452885752,-0.7073907263015,14827.9384083761
546.4,28.1609999999999,-0.768452885753582,14830.7500480315
546.5,28.07179310788,-0.892068921199172,14833.5519678105
546.6,27.9666024706359,-1.05190637244026,14836.342726679
546.7,27.8485749003661,-1.18027570269798,14839.1211982845
546.8,27.7208572091685,-1.27717691197637,14841.8865709554
546.9,27.5865962091413,-1.3426100002716,14844.6383477015
547,27.4489387123829,-1.37657496758474,14847.3763462136
547.1,27.3110315309913,-1.37907181391594,14850.100698864
547.2,27.1760214770649,-1.35010053926365,14852.811852706
547.3,27.0470553627016,-1.2896611436325,14855.5105694742
547.4,26.9272799999999,-1.19775362701778,14858.1976194264
547.5,26.81371904454,-1.13560955459861,14860.8733728483
547.6,26.7013493931283,-1.1236965141168,14863.5379527039
547.7,26.5902477197019,-1.11101673426463,14866.1914896248
547.8,26.4804906981973,-1.09757021504562,14868.8341219099
547.9,26.3721550025517,-1.08335695645634,14871.4659955253
548,26.2653173067019,-1.06837695849775,14874.0872641049
548.1,26.1600542845849,-1.05263022116999,14876.6980889496
548.2,26.0564426101377,-1.03611674447186,14879.298639028
548.3,25.954558957297,-1.01883652840688,14881.8890909759
548.4,25.8544799999999,-1.00078957297155,14884.4693664507
548.5,25.7510294978473,-1.034505021526,14887.0389801694
548.6,25.6412448748204,-1.0978462302683,14889.5974685782
548.7,25.5285233014267,-1.12721573393716,14892.1447078407
548.8,25.4162619481731,-1.12261353253632,14894.6809138374
548.9,25.3078579855669,-1.08403962606212,14897.2066421658
549,25.2067085841153,-1.01149401451568,14899.7227881408
549.1,25.1162109143256,-0.904976697897094,14902.2305867938
549.2,25.039762146705,-0.764487676205483,14904.7316128737
549.3,24.9807594517607,-0.590026949443505,14907.2277808463
549.4,24.9425999999999,-0.381594517608344,14909.720788996
549.5,24.9175629935999,-0.250370064000027,14912.2114387975
549.6,24.8954330367999,-0.221299568000064,14914.7000037195
549.7,24.8758654031999,-0.195676335999796,14917.186722758
549.8,24.8585153663999,-0.173500368000056,14919.6718004363
549.9,24.8430381999999,-0.154771664000044,14922.1554068052
550,24.8290891775999,-0.139490223999985,14924.6376774427
550.1,24.8163235727999,-0.12765604800007,14927.1187134543
550.2,24.8043966591999,-0.119269135999883,14929.5985814728
550.3,24.7929637103999,-0.114329487999999,14932.0773136583
550.4,24.7816799999999,-0.112837104000036,14934.5548999996
550.5,24.7700468249999,-0.116331750000008,14937.0313003008
550.6,24.7579591999999,-0.120876250000066,14939.5064814096
550.7,24.7456629749999,-0.122962249999873,14941.9804347583
550.8,24.7334039999999,-0.122589750000035,14944.4531763646
550.9,24.7214281249999,-0.119758750000042,14946.9247468308
551,24.7099811999999,-0.11446925000002,14949.3952113446
551.1,24.6993090749999,-0.106721250000035,14951.8646596783
551.2,24.6896575999999,-0.0965147499998942,14954.3332061896
551.3,24.6812726249999,-0.0838497500000451,14956.8009898208
551.4,24.6743999999999,-0.0687262500000081,14959.2681612856
551.5,24.6690292949999,-0.0537070499999998,14961.7348607183
551.6,24.6649593599999,-0.0406993499999969,14964.2012161846
551.7,24.6621499649999,-0.0280939499999953,14966.6673517268
551.8,24.6605608799999,-0.0158908500000265,14969.1333873646
551.9,24.6601518749999,-0.00409004999999496,14971.5994390943
552,24.6608827199999,0.00730845000000358,14974.0656188896
552.1,24.6627131849999,0.0183046500000329,14976.5320347008
552.2,24.6656030399999,0.0288985499999975,14978.9987904556
552.3,24.6695120549999,0.0390901499999608,14981.4659860583
552.4,24.6743999999999,0.0488794500000189,14983.933778795
552.5,24.6814547327999,0.0705473280000533,14986.4024323463
552.6,24.6916162943999,0.101615616000007,14988.8722367975
552.7,24.7044727295999,0.128564351999859,14991.3434410382
552.8,24.7196120831999,0.151393536000025,14993.8162527623
552.9,24.7366223999999,0.170103168000026,14996.2908384686
553,24.7550917247999,0.184693248000052,14998.7673234599
553.1,24.7746081023999,0.19516377600004,15001.2457918439
553.2,24.7947595775999,0.201514751999831,15003.7262865326
553.3,24.8151341951999,0.203746176,15006.2088092423
553.4,24.8353199999999,0.201858048000067,15008.6933818913
553.5,24.8561329801845,0.208129801846187,15011.1801178993
553.6,24.878587179323,0.224541991384697,15013.6691756445
553.7,24.9025677252922,0.239805459692078,15016.1607020181
553.8,24.9279597459691,0.253920206769291,15018.6548324239
553.9,24.9546483692306,0.266886232615438,15021.1516907785
554,24.9825187229537,0.278703537230871,15023.6513895114
554.1,25.0114559350153,0.2893721206154,15026.1540295648
554.2,25.0413451332922,0.29889198276896,15028.6597003937
554.3,25.0720714456614,0.307263123692415,15031.168479966
554.4,25.1035199999999,0.314485543384677,15033.6804754131
554.5,25.1363889415383,0.328689415384691,15036.1958559568
554.6,25.1712219323076,0.348329907692406,15038.7148006722
554.7,25.2076723753845,0.364504430768886,15041.2374539746
554.8,25.245393673846,0.377212984615503,15043.7639256199
554.9,25.2840392307691,0.386455569230855,15046.2942907039
555,25.3232624492307,0.39223218461548,15048.828589663
555.1,25.3627167323076,0.394542830769318,15051.3668282737
555.2,25.4020554830768,0.393387507691951,15053.9089776531
555.3,25.4409321046152,0.388766215384724,15056.4549742583
555.4,25.4789999999999,0.380678953846228,15059.0047633112
555.5,25.5167810565516,0.377810565517354,15061.5583485963
555.6,25.5549246455171,0.381435889655268,15064.1157585983
555.7,25.5932753958619,0.383507503447873,15066.677006265
555.8,25.6316779365516,0.384025406896672,15069.2420890066
555.9,25.6699768965516,0.382989600000067,15071.8109886967
556,25.7080169048275,0.380400082758695,15074.3836716714
556.1,25.7456425903447,0.376256855172492,15076.9600887301
556.2,25.7826985820688,0.370559917241046,15079.5401751346
556.3,25.8190295089654,0.363309268965601,15082.1238506101
556.4,25.8544799999999,0.35450491034491,15084.7110076914
556.5,25.8886616275861,0.341816275862147,15087.301516348
556.6,25.9215115034482,0.328498758620746,15089.8952600514
556.7,25.9533625655171,0.318510620689352,15092.4921555673
556.8,25.984547751724,0.311851862069051,15095.0921529549
556.9,26.0153999999999,0.308522482758693,15097.6952355673
557,26.0462522482757,0.308522482758725,15100.3014200514
557.1,26.0774374344826,0.31185186206902,15102.910756348
557.2,26.1092884965516,0.318510620689352,15105.5233276914
557.3,26.1421383724137,0.328498758620746,15108.1392506101
557.4,26.1763199999999,0.341816275862147,15110.7586551346
557.5,26.2117704910344,0.35450491034491,15113.3816487301
557.6,26.2481014179309,0.363309268965601,15116.0083116714
557.7,26.285157409655,0.370559917241046,15118.6387086967
557.8,26.3227830951723,0.376256855172492,15121.2728890066
557.9,26.3608231034481,0.380400082758725,15123.910886265
558,26.3991220634482,0.382989600000067,15126.5527185983
558.1,26.4375246041378,0.38402540689664,15129.1983885963
558.2,26.4758753544826,0.383507503447905,15131.8478833112
558.3,26.5140189434481,0.3814358896553,15134.5011742583
558.4,26.5517999999999,0.377810565517321,15137.1582586929
558.5,26.5898886911999,0.380886912000094,15139.8191940503
558.6,26.6288184575999,0.389297664000112,15142.4840464151
558.7,26.6682288383999,0.39410380799966,15145.1528458257
558.8,26.7077593727999,0.395305344000083,15147.8255862743
558.9,26.7470495999999,0.392902272000068,15150.5022257073
559,26.7857390591999,0.386894592000097,15153.1826860247
559.1,26.8234672895999,0.377282304000104,15155.8668530807
559.2,26.8598738303999,0.364065407999674,15158.5545766833
559.3,26.8945982207999,0.347243904000088,15161.2456705943
559.4,26.9272799999999,0.326817792000063,15163.9399436409
559.5,26.9581809311999,0.309009312000061,15166.6372465607
559.6,26.9878774655999,0.296965344000085,15169.3374644927
559.7,27.0164811743999,0.286037087999699,15172.0404937329
559.8,27.0441036287999,0.276224544000115,15174.7462417343
559.9,27.0708563999999,0.267527712000024,15177.4546271073
560,27.0968510591999,0.259946592000034,15180.1655796191
560.1,27.1221991775999,0.253481184000112,15182.8790401943
560.2,27.1470123263999,0.248131487999777,15185.5949609145
560.3,27.1714020767999,0.243897504000025,15188.3133050183
560.4,27.1954799999999,0.24077923200005,15191.0340050714
560.5,27.2185210619999,0.230410620000022,15193.7569322573
560.6,27.2400226559999,0.21501594000009,15196.4819548898
560.7,27.2604299939999,0.204073379999798,15199.2089858039
560.8,27.2801882879999,0.197582940000076,15201.9379823558
560.9,27.2997427499999,0.195544619999993,15204.6689464229
561,27.3195385919999,0.197958420000095,15207.4019244038
561.1,27.3400210259999,0.204824340000031,15210.1370072183
561.2,27.3616352639998,0.216142379999766,15212.8743303074
561.3,27.3848265179999,0.23191254000007,15215.6140736333
561.4,27.4100399999999,0.252134820000049,15218.3564644852
561.5,27.4377770376922,0.277370376923155,15221.101748046
561.6,27.4678941784614,0.301171407692366,15223.8501362281
561.7,27.499869463846,0.319752853845853,15226.6017887481
561.8,27.5331809353845,0.333114715384735,15229.3568131266
561.9,27.5673066346152,0.341256992307766,15232.1152646885
562,27.6017246030768,0.344179684615459,15234.8771465627
562.1,27.6359128823076,0.341882792307779,15237.6424096826
562.2,27.669349513846,0.334366315384311,15240.4109527852
562.3,27.7015125392306,0.321630253846272,15243.1826224122
562.4,27.7318799999999,0.30367460769235,15245.9572740916
562.5,27.761153587912,0.29273587912093,15248.734845909
562.6,27.7902827604394,0.29129172527482,15251.5153159074
562.7,27.8191172076922,0.288344472527174,15254.2986470988
562.8,27.8475066197801,0.28389412087924,15257.0847874641
562.9,27.8753006868131,0.277940670329669,15259.8736699534
563,27.902349098901,0.270484120879204,15262.6652124856
563.1,27.9285015461537,0.261524472527518,15265.4593179489
563.2,27.9536077186812,0.251061725274489,15268.2558742001
563.3,27.9775173065933,0.239095879120913,15271.0547540655
563.4,28.0000799999999,0.225626934065992,15273.8558875809
563.5,28.0225903091924,0.225103091925512,15276.6593115577
563.6,28.0458892263353,0.232989171428657,15279.4650633272
563.7,28.0691461643477,0.232569380123995,15282.2730971623
563.8,28.0915305361489,0.223843718012517,15285.0832842768
563.9,28.1122117546582,0.206812185093171,15287.8954128262
564,28.1303592327949,0.181474781366497,15290.709187907
564.1,28.1451423834781,0.147831506832368,15293.5242315572
564.2,28.1557306196272,0.105882361490529,15296.3400827558
564.3,28.1612933541614,0.0556273453416836,15299.1561974236
564.4,28.1609999999999,-0.00293354161490455,15301.9719663948
564.5,28.1543794246955,-0.0662057530434837,15304.7867905557
564.6,28.1421037940868,-0.122756306087037,15307.6001486189
564.7,28.1250574685216,-0.170463255651978,15310.4116077327
564.8,28.1041248083477,-0.209326601739168,15313.2208234818
564.9,28.0801901739129,-0.239346344347871,15316.0275398868
565,28.0541379255651,-0.260522483478347,15318.8315894042
565.1,28.026852423652,-0.272855019130465,15321.6328929269
565.2,27.9992180285216,-0.276343951304128,15324.4314597833
565.3,27.9721191005216,-0.270989280000041,15327.2273877383
565.4,27.9464399999999,-0.256791005217468,15330.0207776351
565.5,27.9213579359999,-0.250820640000058,15332.8116228503
565.6,27.8955463679999,-0.258115680000038,15335.5998568703
565.7,27.8691340319999,-0.264123359999786,15338.3854260551
565.8,27.8422496639999,-0.268843680000036,15341.1682896383
565.9,27.8150219999999,-0.272276640000083,15343.9484197271
566,27.7875797759999,-0.274422240000088,15346.7258013023
566.1,27.7600517279999,-0.27528048000002,15349.5004322183
566.2,27.7325665919999,-0.274851359999752,15352.2723232031
566.3,27.7052531039999,-0.273134880000079,15355.0414978583
566.4,27.6782399999999,-0.270131040000077,15357.8079065876
566.5,27.6499345846152,-0.28305415384619,15360.571369243
566.6,27.6193185230768,-0.306160615384726,15363.3317042737
566.7,27.5873820923076,-0.319364307692008,15366.0888291568
566.8,27.5551155692306,-0.322665230769286,15368.8427603968
566.9,27.5235092307691,-0.316063384615469,15371.593613526
567,27.493553353846,-0.299558769230846,15374.3416031045
567.1,27.4662382153845,-0.273151384615449,15377.0870427199
567.2,27.4425540923076,-0.236841230769023,15379.8303449876
567.3,27.4234912615383,-0.190628307692336,15382.5720215506
567.4,27.4100399999999,-0.134512615384683,15385.3125369412
567.5,27.4002678114026,-0.0977218859728665,15388.0521283646
567.6,27.3915606559275,-0.0870715547511586,15390.7909007221
567.7,27.3838864952035,-0.0767416072397645,15393.5289557114
567.8,27.3772132908596,-0.0667320434388756,15396.2663918262
567.9,27.3715090045248,-0.0570428633484603,15399.0033043563
568,27.3667415978279,-0.0476740669683586,15401.7397853878
568.1,27.3628790323981,-0.0386256542986345,15404.475923803
568.2,27.3598892698641,-0.0298976253393519,15407.21180528
568.3,27.3577402718551,-0.021489980090447,15409.9475122936
568.4,27.3563999999999,-0.0134027185520793,15412.6831073737
568.5,27.3555016017111,-0.00898398288770252,15415.4186184656
568.6,27.3547202361496,-0.00781365561497793,15418.1540588215
568.7,27.3540868825667,-0.00633353582885121,15420.8894447917
568.8,27.3536325202138,-0.00454362352938632,15423.6247958241
568.9,27.3533881283421,-0.0024439187166152,15426.3601344648
569,27.3533846862031,-3.44213904099888e-05,15429.0954863578
569.1,27.353653173048,0.00268486844922932,15431.8308802449
569.2,27.3542245681282,0.00571395080214288,15434.5663479658
569.3,27.3551298506951,0.00905282566845854,15437.3019244583
569.4,27.3563999999999,0.0127014930481124,15440.0376585722
569.5,27.3582822763635,0.0188227636363791,15442.7736222002
569.6,27.3609902836362,0.0270800727272658,15445.5098969402
569.7,27.3645045163635,0.035142327272709,15448.2465624394
569.8,27.3688054690908,0.0430095272727726,15450.9836963947
569.9,27.3738736363635,0.050681672727233,15453.7213745522
570,27.3796895127271,0.0581587636364098,15456.4596707074
570.1,27.3862335927271,0.0654407999999833,15459.1986567056
570.2,27.393486370909,0.0725277818181134,15461.9384024412
570.3,27.4014283418181,0.0794197090909598,15464.6789758583
570.4,27.4100399999999,0.0861165818181711,15467.4204948023
570.5,27.4203388799999,0.102988800000052,15470.1631652183
570.6,27.4330694399999,0.12730560000001,15472.9072088183
570.7,27.4478025599999,0.147331199999861,15475.6528044023
570.8,27.4641091199999,0.163065600000021,15478.4000878583
570.9,27.4815599999999,0.174508800000041,15481.1491521623
571,27.4997260799999,0.181660800000049,15483.9000473783
571.1,27.5181782399999,0.184521600000047,15486.6527806583
571.2,27.5364873599999,0.183091199999809,15489.4073162423
571.3,27.5542243199999,0.17736960000007,15492.1635754583
571.4,27.5709599999999,0.167356800000032,15494.9214760583
571.5,27.5870519999999,0.160920000000047,15497.6809858583
571.6,27.6031439999999,0.160920000000047,15500.4421048583
571.7,27.6192359999999,0.160919999999855,15503.2048330583
571.8,27.6353279999999,0.160920000000079,15505.9691704583
571.9,27.6514199999999,0.160920000000015,15508.7351170583
572,27.6675119999999,0.160920000000015,15511.5026728583
572.1,27.6836039999999,0.160920000000047,15514.2718378583
572.2,27.6996959999999,0.160919999999855,15517.0426120583
572.3,27.7157879999999,0.160920000000047,15519.8149954583
572.4,27.7318799999999,0.160920000000047,15522.5889991989
572.5,27.7481948123076,0.163148123076969,15525.3646517506
572.6,27.7648562215383,0.166614092307757,15528.141980346
572.7,27.7817156861537,0.168594646153643,15530.9209973636
572.8,27.7986246646153,0.169089784615458,15533.7017003276
572.9,27.8154346153845,0.168099507692308,15536.4840719082
573,27.831996996923,0.16562381538467,15539.2680799214
573.1,27.8481632676922,0.161662707692322,15542.0536773291
573.2,27.8637848861537,0.156216184615232,15544.8408022389
573.3,27.8787133107691,0.149284246153879,15547.6293779045
573.4,27.8927999999999,0.14086689230772,15550.4192982836
573.5,27.9056075815383,0.128075815384633,15553.2104301014
573.6,27.9170287753845,0.114211938461576,15556.0026520491
573.7,27.9274101784614,0.103814030769115,15558.7958774774
573.8,27.9370983876922,0.0968820923077303,15561.5900543968
573.9,27.9464399999999,0.0934161230769419,15564.3851654774
574,27.9557816123076,0.0934161230769419,15567.1812280491
574.1,27.9654698215383,0.0968820923077303,15569.9782941014
574.2,27.9758512246153,0.103814030769147,15572.7764502836
574.3,27.9872724184614,0.114211938461544,15575.5758179045
574.4,28.0000799999999,0.128075815384633,15578.3765302389
574.5,28.0141666892306,0.14086689230772,15581.1786933291
574.6,28.029095113846,0.149284246153879,15583.9823839214
574.7,28.0447167323076,0.156216184615264,15586.7876639082
574.8,28.0608830030768,0.161662707692354,15589.5945803276
574.9,28.0774453846153,0.165623815384638,15592.4031653636
575,28.0942553353845,0.16809950769234,15595.213436346
575.1,28.111164313846,0.169089784615458,15598.0253957506
575.2,28.1280237784614,0.168594646153675,15600.8390311989
575.3,28.1446851876922,0.166614092307725,15603.6543154583
575.4,28.1609999999999,0.163148123076969,15606.4712924723
575.5,28.1785402799999,0.175402800000054,15609.2901361583
575.6,28.1983334399999,0.197931600000018,15612.1110235283
575.7,28.2194139599999,0.210805199999829,15614.9340350423
575.8,28.2408163199999,0.214023600000029,15617.7591546083
575.9,28.2615749999999,0.207586800000043,15620.5862695823
576,28.2807244799999,0.191494800000032,15623.4151707683
576.1,28.2972992399999,0.165747600000028,15626.2455524183
576.2,28.3103337599999,0.130345199999869,15629.0770122323
576.3,28.3188625199999,0.0852876000000364,15631.9090513583
576.4,28.3219199999999,0.0305748000000178,15634.7411924003
576.5,28.3209008399999,-0.0101915999999953,15637.5731403383
576.6,28.3180579199999,-0.0284292000000121,15640.4047288883
576.7,28.3137130799999,-0.0434483999999564,15643.2358239503
576.8,28.3081881599999,-0.0552491999999879,15646.0663236083
576.9,28.3018049999999,-0.063831600000043,15648.8961581303
577,28.2948854399999,-0.0691955999999933,15651.7252899683
577.1,28.2877513199999,-0.0713412000000311,15654.5537137583
577.2,28.2807244799999,-0.0702683999999323,15657.3814563203
577.3,28.2741267599999,-0.0659772000000167,15660.2085766583
577.4,28.2682799999999,-0.0584675999999966,15663.0351452358
577.5,28.2630915490908,-0.0518845090909288,15665.861208622
577.6,28.2581761745453,-0.0491537454545288,15668.6867882729
577.7,28.2534168436362,-0.0475933090908854,15671.5118939412
577.8,28.2486965236362,-0.0472032000000304,15674.3365236765
577.9,28.243898181818,-0.0479834181818361,15677.1606638249
578,28.2389047854544,-0.0499339636363345,15679.9842890292
578.1,28.233599301818,-0.0530548363636533,15682.8073622292
578.2,28.2278646981817,-0.0573460363636009,15685.6298346612
578.3,28.221583941818,-0.0628075636364009,15688.4516458583
578.4,28.2146399999999,-0.0694394181818296,15691.2726080805
578.5,28.2046044436362,-0.100355563636406,15694.0923356074
578.6,28.1899460945453,-0.146583490909091,15696.910427602
578.7,28.1718937963635,-0.180522981818071,15699.7266061114
578.8,28.1516763927271,-0.202174036363636,15702.5407160674
578.9,28.1305227272726,-0.211536654545529,15705.352725286
579,28.1096616436362,-0.208610836363654,15708.1627244674
579.1,28.0903219854544,-0.193396581818235,15710.9709271965
579.2,28.0737325963635,-0.165893890908951,15713.7776699423
579.3,28.0611223199999,-0.12610276363641,15716.5834120583
579.4,28.0537199999999,-0.0740232000000063,15719.3885865656
579.5,28.0497701454544,-0.0394985454545349,15722.1934099747
579.6,28.0466980363635,-0.0307210909090685,15724.9979700601
579.7,28.0445036727271,-0.0219436363636661,15727.8023545965
579.8,28.0431870545453,-0.0131661818181996,15730.6066513583
579.9,28.042748181818,-0.00438872727270123,15733.4109481201
580,28.0431870545453,0.00438872727270123,15736.2153326565
580.1,28.0445036727271,0.0131661818181996,15739.019892742
580.2,28.0466980363635,0.021943636363634,15741.824716151
580.3,28.0497701454544,0.0307210909091004,15744.6298906583
580.4,28.0537199999999,0.0394985454545349,15747.4354913598
580.5,28.0582940290908,0.0457402909090766,15750.2415660438
580.6,28.063199650909,0.049056218181871,15753.0481449438
580.7,28.0683783490908,0.0517869818181112,15755.8552524416
580.8,28.0737716072726,0.0539325818182447,15758.6629070674
580.9,28.0793209090908,0.0554930181817924,15761.4711214998
581,28.0849677381817,0.0564682909090734,15764.2799025656
581.1,28.0906535781817,0.0568584000000243,15767.0892512401
581.2,28.0963199127271,0.0566633454545169,15769.899162647
581.3,28.1019082254544,0.0558831272727112,15772.7096260583
581.4,28.1073599999999,0.054517745454575,15775.5206242238
581.5,28.1126033099999,0.0524331000000124,15778.3321373333
581.6,28.1176588799999,0.0505557000000394,15781.1441506358
581.7,28.1226071699999,0.0494828999999086,15783.9566574263
581.8,28.1275286399999,0.0492147000000358,15786.7696590458
581.9,28.1325037499999,0.0497511000000373,15789.5831648813
582,28.1376129599999,0.051092099999977,15792.3971923658
582.1,28.1429367299999,0.0532377000000466,15795.2117669783
582.2,28.1485555199999,0.0561878999999266,15798.0269222438
582.3,28.1545497899999,0.0599427000000005,15800.8426997333
582.4,28.1609999999999,0.0645021000000448,15803.6591904432
582.5,28.1688141985713,0.0781419857143214,15806.476557784
582.6,28.1785326171427,0.0971841857142764,15809.2949686144
582.7,28.1896839899999,0.111513728571371,15812.1145426665
582.8,28.2017970514284,0.121130614285732,15814.9353525458
582.9,28.2144005357141,0.12603484285717,15817.7574237315
583,28.2270231771427,0.126226414285714,15820.5807345758
583.1,28.2391937099999,0.121705328571494,15823.4052163047
583.2,28.2504408685713,0.112471585714125,15826.2307530175
583.3,28.2602933871427,0.0985251857143118,15829.0571816869
583.4,28.2682799999999,0.0798661285714778,15831.884325205
583.5,28.274590362857,0.063103628571433,15834.7120388397
583.6,28.2796823314284,0.0509196857143124,15837.5401973033
583.7,28.2834869399999,0.0380460857142139,15840.3686684114
583.8,28.285935222857,0.0244828285714895,15843.1973130833
583.9,28.2869582142856,0.0102299142856914,15846.0259853414
584,28.2864869485713,-0.00471265714289259,15848.8545323119
584.1,28.2844524599999,-0.0203448857142625,15851.682794224
584.2,28.280785782857,-0.0366667714285463,15854.5106044107
584.3,28.2754179514284,-0.0536783142857117,15857.3377893083
584.4,28.2682799999999,-0.0713795142857272,15860.1641385713
584.5,28.2587052599999,-0.0957474000000324,15862.9893935783
584.6,28.2463948799998,-0.123103800000042,15865.8133049033
584.7,28.2318316199999,-0.145632599999846,15868.6356713963
584.8,28.2154982399999,-0.163333800000053,15871.4563401833
584.9,28.1978774999999,-0.176207400000024,15874.2752066663
585,28.1794521599999,-0.184253400000045,15877.0922145233
585.1,28.1607049799998,-0.187471800000054,15879.9073557083
585.2,28.1421187199999,-0.185862599999858,15882.7206704513
585.3,28.1241761399999,-0.179425800000033,15885.5322472583
585.4,28.1073599999999,-0.168161400000034,15888.3421858997
585.5,28.0914128279999,-0.159471720000024,15891.1505410883
585.6,28.0756909439999,-0.157218839999999,15893.9573305253
585.7,28.0600977959999,-0.155931479999893,15896.7625622567
585.8,28.0445368319999,-0.155609640000058,15899.5662346733
585.9,28.0289114999999,-0.156253319999983,15902.3683365107
586,28.0131252479999,-0.157862520000052,15905.1688468493
586.1,27.9970815239998,-0.160437240000039,15907.9677351143
586.2,27.9806837759999,-0.163977479999819,15910.7649610757
586.3,27.9638354519999,-0.168483240000061,15913.5604748483
586.4,27.9464399999999,-0.173954520000031,15916.3542188074
586.5,27.9284391822856,-0.180008177142863,15919.1461310372
586.6,27.9098054125713,-0.186337697142924,15921.9361457136
586.7,27.8904881159999,-0.193172965714105,15924.7241919553
586.8,27.8704367177142,-0.200513982857139,15927.5101938233
586.9,27.849600642857,-0.208360748571514,15930.2940703213
587,27.8279293165713,-0.216713262857233,15933.0757353953
587.1,27.8053721639999,-0.225571525714294,15935.855097934
587.2,27.7818786102856,-0.234935537142665,15938.6320617686
587.3,27.7573980805713,-0.24480529714289,15941.4065256726
587.4,27.7318799999999,-0.255180805714361,15944.1783527492
587.5,27.7046615314284,-0.272184685714328,15946.947353764
587.6,27.6753587657141,-0.293027657142929,15949.7133386783
587.7,27.6443395199999,-0.310192457142623,15952.4761542349
587.8,27.6119716114284,-0.323679085714339,15955.2356839583
587.9,27.5786228571427,-0.333487542857213,15957.9918481549
588,27.5446610742856,-0.339617828571502,15960.7446039126
588.1,27.5104540799998,-0.342069942857236,15963.4939451012
588.2,27.4763696914284,-0.340843885714001,15966.239902372
588.3,27.4427757257141,-0.335939657142915,15968.9825431583
588.4,27.4100399999999,-0.327357257142956,15971.721910372
588.5,27.3773042742856,-0.327357257142924,15974.4579611012
588.6,27.3437103085713,-0.335939657142947,15977.1906279126
588.7,27.3096259199999,-0.340843885713968,15979.9198801549
588.8,27.2754189257141,-0.342069942857236,15982.6457239583
588.9,27.241457142857,-0.339617828571502,15985.3682022349
589,27.2081083885713,-0.333487542857213,15988.0873946783
589.1,27.1757404799998,-0.323679085714339,15990.803417764
589.2,27.1447212342856,-0.310192457142591,15993.5164247492
589.3,27.1154184685713,-0.29302765714296,15996.2266056726
589.4,27.0881999999998,-0.272184685714328,15998.9341513046
589.5,27.0627126405193,-0.254873594805264,16001.6392024677
589.6,27.0383106202596,-0.244020202597418,16004.3418641429
589.7,27.0149228836362,-0.233877366233561,16007.0422342058
589.8,26.9924783750648,-0.224445085714328,16009.7404034265
589.9,26.9709060389609,-0.215723361039053,16012.4364554694
590,26.9501348197401,-0.207712192207797,16015.1304668935
590.1,26.930093661818,-0.200411579220847,16017.8225071521
590.2,26.9107115096103,-0.193821522077727,16020.5126385929
590.3,26.8919173075323,-0.187942020779264,16023.2009164583
590.4,26.8736399999999,-0.182773075324725,16025.8873573627
590.5,26.8551780872726,-0.184619127272767,16028.5719237929
590.6,26.8361505163635,-0.190275709090948,16031.2545796638
590.7,26.816966901818,-0.191836145454367,16033.9353298518
590.8,26.7980368581817,-0.189300436363667,16036.6142201947
590.9,26.7797699999999,-0.182668581818237,16039.2913374918
591,26.762575941818,-0.171940581818209,16041.9668095038
591.1,26.7468642981817,-0.157116436363708,16044.6408049529
591.2,26.7330446836362,-0.138196145454415,16047.3135335227
591.3,26.7215267127271,-0.115179709090906,16049.9852458583
591.4,26.7127199999999,-0.0880671272727654,16052.6561706612
591.5,26.7057760581817,-0.0694394181818296,16055.3264342292
591.6,26.699495301818,-0.062807563636369,16057.9960970292
591.7,26.6937606981817,-0.0573460363635689,16060.6652078249
591.8,26.6884552145453,-0.0530548363636533,16063.3338036765
591.9,26.6834618181817,-0.0499339636363985,16066.0019099412
592,26.6786634763635,-0.0479834181818042,16068.6695402729
592.1,26.6739431563635,-0.0472032000000625,16071.336696622
592.2,26.6691838254544,-0.0475933090908533,16074.0033692358
592.3,26.6642684509089,-0.0491537454545288,16076.6695366583
592.4,26.6590799999999,-0.0518845090909288,16079.3351764583
592.5,26.6537159999999,-0.0536400000000157,16082.0002798583
592.6,26.6483519999999,-0.0536399999999836,16084.6648468583
592.7,26.6429879999999,-0.0536399999999836,16087.3288774583
592.8,26.6376239999999,-0.0536400000000157,16089.9923716583
592.9,26.6322599999999,-0.0536400000000157,16092.6553294583
593,26.6268959999999,-0.0536399999999836,16095.3177508583
593.1,26.6215319999999,-0.0536400000000157,16097.9796358583
593.2,26.6161679999999,-0.0536399999999518,16100.6409844583
593.3,26.6108039999999,-0.0536400000000157,16103.3017966583
593.4,26.6054399999999,-0.0536400000000157,16105.9620664238
593.5,26.5999553099999,-0.0548469000000189,16108.6217783333
593.6,26.5942828799999,-0.0567243000000239,16111.2809176358
593.7,26.5885031699999,-0.0577970999999309,16113.9394776263
593.8,26.5826966399999,-0.0580653000000275,16116.5974596458
593.9,26.5769437499999,-0.0575288999999941,16119.2548730813
594,26.5713249599999,-0.0561879000000545,16121.9117353658
594.1,26.5659207299999,-0.0540422999999847,16124.5680719783
594.2,26.5608115199999,-0.051092099999977,16127.2239164438
594.3,26.5560777899999,-0.0473373000000308,16129.8793103333
594.4,26.5517999999999,-0.0427778999999867,16132.534312919
594.5,26.5482517139999,-0.0354828599999735,16135.1890065383
594.6,26.5456206719999,-0.0263104200000513,16137.8434805018
594.7,26.5438585979999,-0.0176207399999768,16140.4978192925
594.8,26.5429172159999,-0.00941381999997404,16143.1521025658
